hubspot_campaign,platform,mapped_campaign,confidence_score
Africa - Loyalty - CAM 2026 (Mary),HeyReach,Mary CAM 2026 Loyalty,82%
Africa - Loyalty - CAM 2026 (Roshaan),HeyReach,Roshaan CAM 2026 Loyalty ,82%
Africa Non-BFSI CAM List Outreach,UNMATCHED,—,0%
AI Congress and Awards Mumbai Mumbai 2026,UNMATCHED,—,0%
Airlines API ,Smartlead,Airlines - Plum API - 5,67%
Airlines API ,Smartlead,Airlines - Plum API - 4,67%
Airlines API ,Smartlead,Airlines - Plum API - 3,67%
Airlines API ,Smartlead,Airlines - Plum API - 2,67%
Airlines API ,Smartlead,Airlines - Plum API - 1,67%
Already Using a Solution – HR Profiles,Smartlead,Already using a Solution- HR profiles -INDONESIA,78%
Already Using a Solution – HR Profiles,Smartlead,Already using a Solution- HR profiles - PHILIPPINES,78%
Already Using a Solution – HR Profiles,Smartlead,Already using a Solution- HR profiles -AFRICA,78%
Already Using a Solution – HR Profiles,Smartlead,Already using a Solution- HR profiles - INDIA,78%
AMA Ahmedabad 2026,UNMATCHED,—,0%
Annual India HR Summit 2026 Mumbai,UNMATCHED,—,0%
Apollo - D2C recently Funded - Loyalife - Sanjeeda- SelfTrack,Smartlead,Apollo - D2C recently Funded - Loyalife - Sanjeeda - SelfTrack - Managers,90%
Apollo - D2C recently Funded - Loyalife - Sanjeeda- SelfTrack,Smartlead,Apollo - D2C recently Funded - Loyalife - Sanjeeda - SelfTrack - Decision Makers,80%
Apollo - D2C recently Funded - Loyalife - Sanjeeda- SelfTrack,HeyReach,D2C recently Funded - Loyalife - Sanjeeda- SelfTrack - Managers,77%
Apollo - D2C recently Funded - Loyalife - Sanjeeda- SelfTrack,HeyReach,D2C recently F-unded - Loyalife - Sanjeeda- SelfTrack -Decision Makers.csv,61%
Automotive Channel Partners,Smartlead,Automotive Channel Partners,95%
BambooHR,UNMATCHED,—,0%
Campaign on Q1 repository on 2025,UNMATCHED,—,0%
Carot & Stakes - San Diego - Linkedin Reachout,UNMATCHED,—,0%
Carrot & Stakes,Smartlead,Carrot & Stakes,95%
Carrot & Stakes - San Diego,UNMATCHED,—,0%
Carrot & Stakes - Seattle,UNMATCHED,—,0%
Carrot & Stakes - Seattle,UNMATCHED,—,0%
Carrot & Stakes -Manila - 29th Jan,UNMATCHED,—,0%
Carrots & Stakes / Jakarta / 27 Jan,UNMATCHED,—,0%
Channel Loyalty Platforms,UNMATCHED,—,0%
Cold leads outreach campaign for UK,UNMATCHED,—,0%
Crypto Rewards API,UNMATCHED,—,0%
Database - Gaming companies - Email/LI - Hunting - sanjeeda,UNMATCHED,—,0%
Database - HRs - >500 emp - Email/LI - Hunting,UNMATCHED,—,0%
Dinner at Loyalty Connect US – Atlanta,UNMATCHED,—,0%
Employee Benefits Platforms,UNMATCHED,—,0%
Employee Health Con Pazcare 2026,UNMATCHED,—,0%
ET Media and Entertainment Awards,UNMATCHED,—,0%
ET Nextech Delhi 2026- SANJEEDA,UNMATCHED,—,0%
Fintech Meetup,UNMATCHED,—,0%
FMCD & Electronics Channel Incentives,Smartlead,FMCD and Electronics; Channel Incentives:,82%
FMCG & CPG Channel Incentives 2026,Smartlead,"FMCG and CPG, Channel Incentives - 2026",85%
Gaming Rewards API 2026,Smartlead,Gaming Rewards API 2026 - Indonesia,82%
Gaming Rewards API 2026,Smartlead,Gaming Rewards API 2026 -Americas,72%
Gaming Rewards API 2026,Smartlead,Gaming Rewards API 2026 - India,72%
GCC Leadership Conclave,Smartlead,GCC Leadership Conclave,95%
GCC Leadership Conclave,Smartlead,GCC Leadership Conclave 2,95%
GCC Leadership Conclave,Smartlead,GCC Leadership Conclave,95%
GCC Leadership Conclave,Smartlead,GCC Leadership Conclave 2,95%
Global API - CAM Accounts - Gaurav Sava ,UNMATCHED,—,0%
Headcount %+ - Global - CAM - Email-LI - Hunting,UNMATCHED,—,0%
Health & Welness Apps (B2C),UNMATCHED,—,0%
HIGH_ABM_ACTDEAL_KSA_LI_ZOYA_21APR2026,HeyReach,HIGH_ABM_ACTDEAL_KSA_LI_ZOYA_21APR2026,95%
High_ABM_DREAM_GCC_EMAIL-LI_NAVEEN_21APR2026_,Smartlead,P1_High_ABM_DREAM_GCC_EMAIL_NaveenSanjeeda_21APR2026_,60%
High_ABM_DREAM_GCC_EMAIL-LI_NAVEEN_21APR2026_,Smartlead,P1_ABM_PASSDEAL(Muneet)_GCC_EMAIL-LI_naveen,61%
High_ABM_DREAM_GCC_EMAIL-LI_NAVEEN_21APR2026_,HeyReach,P1_High_ABM_DREAM_GCC_LI_NaveenSanjeeda_21APR2026_,60%
HR Tech EU - Pre-event reachout | Event Date: 22&23 April ,UNMATCHED,—,0%
HR Tech Summit BLR 2026 Feb,UNMATCHED,—,0%
HR Tech UK - Pre-event outreach,Smartlead,HR Tech EU Pre Event Attendee Outreach,63%
IMA Paris 5th Feb 2026,UNMATCHED,—,0%
India Digital Summit,Smartlead,India Digital Summit,95%
India Sales & Trade Marketing – Existing Solution,UNMATCHED,—,0%
Indonesia - CAM 2026 - Female (Faris),UNMATCHED,—,0%
Indonesia - CAM 2026 - Male (Faris),UNMATCHED,—,0%
Indonesia - Loyalty - CAM 2026,HeyReach,Mary CAM 2026 Loyalty,60%
Indonesia - Loyalty - CAM 2026,HeyReach,Imelda CAM 2026 Loyalty,60%
Indonesia - Loyalty - CAM 2026,HeyReach,Ahmad CAM 2026 - loyalty,60%
Indonesia - Loyalty - CAM 2026,HeyReach,Roshaan CAM 2026 Loyalty ,60%
Intent Signal - Companies who get Great place to work and culture awards- Email/LI- Hunting-SANJEEDA,UNMATCHED,—,0%
Keka Clients Campaign,HeyReach,keka partner Campaign (clients),77%
Lead mapping on loyalty persona by profile views,UNMATCHED,—,0%
Learning Management Platforms,UNMATCHED,—,0%
LinkedIn outreach to inactive deals for KSA,UNMATCHED,—,0%
LinkedIn outreach via Imelda to inactive contacts in Faris' active pipeline,UNMATCHED,—,0%
Manufacturing Channel Incentives,Smartlead,Manufacturing Channel Incentives,82%
Market Research Agencies,UNMATCHED,—,0%
Mental Wellbeing Support,UNMATCHED,—,0%
Middle East Tragedy Outreach,Smartlead,Middle East Tragedy Outreach,95%
Middle East Tragedy Outreach,Smartlead,Middle East Tragedy Outreach - BATCH 4,82%
Middle East Tragedy Outreach,Smartlead,Middle East Tragedy Outreach - BATCH 3,82%
Middle East Tragedy Outreach,Smartlead,Middle East Tragedy Outreach - BATCH 2,82%
Moe-Engage,UNMATCHED,—,0%
Neelam - empuls,UNMATCHED,—,0%
New May SMB US and Canada - Outreach - Srinidhi,UNMATCHED,—,0%
Nusrat GCC - Passive Deals Activation,UNMATCHED,—,0%
Outreach for HiBob Customers - US,UNMATCHED,—,0%
Outreach for Remote Customers,UNMATCHED,—,0%
P0_ABM_EIDWISH_GCC_EMAIL_NaveenNaitik25May2026,Smartlead,P0_ABM_EIDWISH_GCC_EMAIL_NaveenNaitik25May2026,95%
P0_ABM_EIDWISH_GCC_EMAIL_NaveenNaitik25May2026,Smartlead,P0_ABM_B1_PRTNGamificationConsumerBrands_GCC_EMAIL-LI_NaveenRakesh_19MAY26,66%
P0_ABM_EIDWISH_GCC_EMAIL_NaveenNaitik25May2026,Smartlead,P0_ABM_B1_PRTNGamificationRETAIL_GCC_EMAIL-LI_NaveenRakesh_19MAY26,66%
P0_ABM_EIDWISH_GCC_EMAIL_NaveenNaitik25May2026,Smartlead,P0_ABM_B1_PRTNGamificationFINTECH_GCC_EMAIL-LI_NaveenRakesh_19MAY26,66%
P0_ABM_EIDWISH_GCC_EMAIL_NaveenNaitik25May2026,Smartlead,P0_ABM_B1_PRTNGamificationBFSI_GCC_EMAIL-LI_NaveenRakesh_19MAY26,67%
P0_ABM_INTENT_PASTCUSTOMERS_GLOBAL_EMAIL-LI-CALL-WP_ManojNaitik01June2026,Smartlead,P0_ABM_INTENT-B_LIVISIT-BUYER-HC50_GLOBAL_EMAIL-LI-CALL_ManojNaitik03June2026,68%
P0_ABM_INTENT_PASTCUSTOMERS_GLOBAL_EMAIL-LI-CALL-WP_ManojNaitik01June2026,Smartlead,P0_ABM_INTENT-B+_LIVISIT-BUYER-HC50_GLOBAL_EMAIL-LI-CALL_ManojNaitik03June2026,68%
P0_ABM_INTENT_PASTCUSTOMERS_GLOBAL_EMAIL-LI-CALL-WP_ManojNaitik01June2026,Smartlead,P0_ABM_INTENT-A_LIVISIT-BUYER-HC50_GLOBAL_EMAIL-LI-CALL_ManojNaitik03June2026,68%
P0_ABM_INTENT_PASTCUSTOMERS_GLOBAL_EMAIL-LI-CALL-WP_ManojNaitik01June2026,Smartlead,P0_ABM_INTENT-A+_LIVISIT-BUYER-HC50_GLOBAL_EMAIL-LI-CALL_ManojNaitik03June2026,68%
P0_ABM_INTENT_PASTCUSTOMERS_GLOBAL_EMAIL-LI-CALL-WP_ManojNaitik01June2026,Smartlead,P0_ABM_PASTCUSTSALESNAV(D-NOTFOUND)_GLOBAL_EMAIL-LI-CALL_ManojNaitik02June2026,69%
P0_ABM_INTENT_PASTCUSTOMERS_GLOBAL_EMAIL-LI-CALL-WP_ManojNaitik01June2026,Smartlead,P0_ABM_PASTCUSTSALESNAV(RECOVERING)_GLOBAL_EMAIL-LI-CALL_ManojNaitik02June2026,70%
P0_ABM_INTENT_PASTCUSTOMERS_GLOBAL_EMAIL-LI-CALL-WP_ManojNaitik01June2026,Smartlead,P0_ABM_PASTCUSTSALESNAV(DEAD)_GLOBAL_EMAIL-LI-CALL_ManojNaitik02June2026,70%
P0_ABM_INTENT_PASTCUSTOMERS_GLOBAL_EMAIL-LI-CALL-WP_ManojNaitik01June2026,Smartlead,P0_ABM_PASTCUSTSALESNAV(GROWTH)_GLOBAL_EMAIL-LI-CALL_ManojNaitik02June2026,66%
P0_ABM_INTENT_PASTCUSTOMERS_GLOBAL_EMAIL-LI-CALL-WP_ManojNaitik01June2026,Smartlead,P0_ABM_EMPULSHRBP_US_EMAIL-LI-CALL_MANOJNAITIK_11June2026,63%
P0_ABM_INTENT_PASTCUSTOMERS_GLOBAL_EMAIL-LI-CALL-WP_ManojNaitik01June2026,HeyReach,P0_ABM_INTENT-B_LIVISIT-BUYER-HC50_GLOBAL_EMAIL-LI-CALL_ManojNaitik03June2026,68%
P0_ABM_INTENT_PASTCUSTOMERS_GLOBAL_EMAIL-LI-CALL-WP_ManojNaitik01June2026,HeyReach,P0_ABM_INTENT-B+_LIVISIT-BUYER-HC50_GLOBAL_EMAIL-LI-CALL_ManojNaitik03June2026,68%
P0_ABM_INTENT_PASTCUSTOMERS_GLOBAL_EMAIL-LI-CALL-WP_ManojNaitik01June2026,HeyReach,P0_ABM_INTENT-A_LIVISIT-BUYER-HC50_GLOBAL_EMAIL-LI-CALL_ManojNaitik03June2026,68%
P0_ABM_INTENT_PASTCUSTOMERS_GLOBAL_EMAIL-LI-CALL-WP_ManojNaitik01June2026,HeyReach,P0_ABM_INTENT-A+_LIVISIT-BUYER-HC50_GLOBAL_EMAIL-LI-CALL_ManojNaitik03June2026,68%
P0_ABM_INTENT_PASTCUSTOMERS_GLOBAL_EMAIL-LI-CALL-WP_ManojNaitik01June2026,HeyReach,P0_ABM_PASTCUSTSALESNAV(GROWTH)_GLOBAL_EMAIL-LI-CALL_ManojNaitik02June2026,66%
P0_ABM_Outreach for Bank and non bank_INDO_EMAIL-LI_-FarisSanjeeda,Smartlead,P0_ABM_Bank_INDO_EMAIL-LI_FarisSanjeeda-TraditionalBank-faris_influencer,68%
P0_ABM_Outreach for Bank and non bank_INDO_EMAIL-LI_-FarisSanjeeda,Smartlead,P0_ABM_Bank_INDO_EMAIL-LI_FarisSanjeeda-TraditionalBank-Imelda_dm,68%
P0_ABM_Outreach for Bank and non bank_INDO_EMAIL-LI_-FarisSanjeeda,Smartlead,P0_ABM_Bank_INDO_EMAIL-LI_FarisSanjeeda-DigitalBank-faris_influencer,68%
P0_ABM_Outreach for Bank and non bank_INDO_EMAIL-LI_-FarisSanjeeda,Smartlead,P0_ABM_Bank_INDO_EMAIL-LI_FarisSanjeeda-DigitalBank-Imelda_dm,69%
P0_ABM_Outreach for Bank and non bank_INDO_EMAIL-LI_-FarisSanjeeda,HeyReach,P0_ABM_Bank_INDO_EMAIL-LI_FarisSanjeeda-TraditionalBank-faris_influencer,68%
P0_ABM_Outreach for Bank and non bank_INDO_EMAIL-LI_-FarisSanjeeda,HeyReach,P0_ABM_Bank_INDO_EMAIL-LI_FarisSanjeeda-TraditionalBank-Imelda_dm,68%
P0_ABM_Outreach for Bank and non bank_INDO_EMAIL-LI_-FarisSanjeeda,HeyReach,P0_ABM_Bank_INDO_EMAIL-LI_FarisSanjeeda-DigitalBank-faris_influencer,68%
P0_ABM_Outreach for Bank and non bank_INDO_EMAIL-LI_-FarisSanjeeda,HeyReach,P0_ABM_Bank_INDO_EMAIL-LI_FarisSanjeeda-DigitalBank-Imelda_dm,69%
P0_API_CUSTOMLOYALTY_GLOBA_Email-LI-WP-Call_GauravSanj24Apr2026,Smartlead,P0_API_CUSTOMLOYALTY_GLOBA_Email-LI-WP-Call_GauravSanj24Apr2026,95%
P0_API_CUSTOMLOYALTY_GLOBA_Email-LI-WP-Call_GauravSanj24Apr2026,Smartlead,P0_API_CASHBACK_GLOBA_Email-LI-WP-Call_GauravSanj24Apr2026,82%
P0_API_CUSTOMLOYALTY_GLOBA_Email-LI-WP-Call_GauravSanj24Apr2026,HeyReach,P0_API_CUSTOMLOYALTY_GLOBA_Email-LI-WP-Call_GauravSanj24Apr2026,95%
P0_API_CUSTOMLOYALTY_GLOBA_Email-LI-WP-Call_GauravSanj24Apr2026,HeyReach,P0_API_CASHBACK_GLOBA_Email-LI-WP-Call_GauravSanj24Apr2026,82%
P0_API_LOYALTY_GLOBAL_EMAIL-LI-CALL_AkshatNaitik28May2026,Smartlead,P0_API_LOYALTY_GLOBAL_EMAIL-LI-CALL_AkshatNaitik28May2026,95%
P0_API_LOYALTY_GLOBAL_EMAIL-LI-CALL_AkshatNaitik28May2026,Smartlead,P0_API_TASKBASEREWARD_GLOBAL_EMAIL-LI-CALL_AkshatNaitik27May2026,73%
P0_API_LOYALTY_GLOBAL_EMAIL-LI-CALL_AkshatNaitik28May2026,Smartlead,P0_API_EMPLOYEEREWARD&ENGAGEMENT_GLOBAL_EMAIL-LI-CALL_GauravNaitik02June2026_HR_A,70%
P0_API_LOYALTY_GLOBAL_EMAIL-LI-CALL_AkshatNaitik28May2026,Smartlead,P0_API_EMPLOYEEREWARD&ENGAGEMENT_GLOBAL_EMAIL-LI-CALL_GauravNaitik02June2026_PRODUCT-B,70%
P0_API_LOYALTY_GLOBAL_EMAIL-LI-CALL_AkshatNaitik28May2026,Smartlead,P0_ABM_PASTCUSTSALESNAV(D-NOTFOUND)_GLOBAL_EMAIL-LI-CALL_ManojNaitik02June2026,61%
P0_API_LOYALTY_GLOBAL_EMAIL-LI-CALL_AkshatNaitik28May2026,Smartlead,P0_ABM_PASTCUSTSALESNAV(RECOVERING)_GLOBAL_EMAIL-LI-CALL_ManojNaitik02June2026,60%
P0_API_LOYALTY_GLOBAL_EMAIL-LI-CALL_AkshatNaitik28May2026,Smartlead,P0_ABM_PASTCUSTSALESNAV(DEAD)_GLOBAL_EMAIL-LI-CALL_ManojNaitik02June2026,61%
P0_API_LOYALTY_GLOBAL_EMAIL-LI-CALL_AkshatNaitik28May2026,Smartlead,P0_ABM_INTENT-B_LIVISIT-BUYER-HC50_GLOBAL_EMAIL-LI-CALL_ManojNaitik03June2026,66%
P0_API_LOYALTY_GLOBAL_EMAIL-LI-CALL_AkshatNaitik28May2026,Smartlead,P0_ABM_INTENT-B+_LIVISIT-BUYER-HC50_GLOBAL_EMAIL-LI-CALL_ManojNaitik03June2026,66%
P0_API_LOYALTY_GLOBAL_EMAIL-LI-CALL_AkshatNaitik28May2026,Smartlead,P0_ABM_INTENT-A_LIVISIT-BUYER-HC50_GLOBAL_EMAIL-LI-CALL_ManojNaitik03June2026,66%
P0_API_LOYALTY_GLOBAL_EMAIL-LI-CALL_AkshatNaitik28May2026,Smartlead,P0_ABM_INTENT-A+_LIVISIT-BUYER-HC50_GLOBAL_EMAIL-LI-CALL_ManojNaitik03June2026,66%
P0_API_LOYALTY_GLOBAL_EMAIL-LI-CALL_AkshatNaitik28May2026,HeyReach,P0_ABM_INTENT-B_LIVISIT-BUYER-HC50_GLOBAL_EMAIL-LI-CALL_ManojNaitik03June2026,66%
P0_API_LOYALTY_GLOBAL_EMAIL-LI-CALL_AkshatNaitik28May2026,HeyReach,P0_ABM_INTENT-B+_LIVISIT-BUYER-HC50_GLOBAL_EMAIL-LI-CALL_ManojNaitik03June2026,66%
P0_API_LOYALTY_GLOBAL_EMAIL-LI-CALL_AkshatNaitik28May2026,HeyReach,P0_ABM_INTENT-A_LIVISIT-BUYER-HC50_GLOBAL_EMAIL-LI-CALL_ManojNaitik03June2026,66%
P0_API_LOYALTY_GLOBAL_EMAIL-LI-CALL_AkshatNaitik28May2026,HeyReach,P0_ABM_INTENT-A+_LIVISIT-BUYER-HC50_GLOBAL_EMAIL-LI-CALL_ManojNaitik03June2026,66%
P0_API_SUMITLICONN_S1S2S3_IND-UKEU-US_EMAIL-LI_AvipsaNaitik_25MAY26,Smartlead,P0_API_SUMITLICONN_S1_IND-UKEU-US_LI-EMAIL_AvipsaNaitik_25MAY26- A,85%
P0_API_SUMITLICONN_S1S2S3_IND-UKEU-US_EMAIL-LI_AvipsaNaitik_25MAY26,Smartlead,P0_API_SUMITLICONN_S3_IND-UKEU-US_LI-EMAIL_AvipsaNaitik_25MAY26- B,85%
P0_API_SUMITLICONN_S1S2S3_IND-UKEU-US_EMAIL-LI_AvipsaNaitik_25MAY26,Smartlead,P0_API_SUMITLICONN_S2_IND-UKEU-US_LI-EMAIL_AvipsaNaitik_25MAY26 - C,85%
P0_API_SURVEYPLATFORMS_GLOBAL_EMAIL_naitik-gaurav_21MAY26,Smartlead,P0_API_SURVEYPLATFORMS_GLOBAL_EMAIL_naitik-gaurav_21MAY26,95%
P0_API_SURVEYPLATFORMS_GLOBAL_EMAIL_naitik-gaurav_21MAY26,HeyReach,P0_API_SURVEYPLATFORMS_GLOBAL_EMAIL_naitik-gaurav_21MAY26,95%
P0_API_TASKBASEREWARD_GLOBAL_EMAIL-LI-CALL_AkshatNaitik27May2026,Smartlead,P0_API_TASKBASEREWARD_GLOBAL_EMAIL-LI-CALL_AkshatNaitik27May2026,95%
P0_API_TASKBASEREWARD_GLOBAL_EMAIL-LI-CALL_AkshatNaitik27May2026,Smartlead,P0_API_LOYALTY_GLOBAL_EMAIL-LI-CALL_AkshatNaitik28May2026,73%
P0_API_TASKBASEREWARD_GLOBAL_EMAIL-LI-CALL_AkshatNaitik27May2026,Smartlead,P0_API_EMPLOYEEREWARD&ENGAGEMENT_GLOBAL_EMAIL-LI-CALL_GauravNaitik02June2026_HR_A,73%
P0_API_TASKBASEREWARD_GLOBAL_EMAIL-LI-CALL_AkshatNaitik27May2026,Smartlead,P0_API_EMPLOYEEREWARD&ENGAGEMENT_GLOBAL_EMAIL-LI-CALL_GauravNaitik02June2026_PRODUCT-B,73%
P0_API_TASKBASEREWARD_GLOBAL_EMAIL-LI-CALL_AkshatNaitik27May2026,Smartlead,P0_ABM_PASTCUSTSALESNAV(D-NOTFOUND)_GLOBAL_EMAIL-LI-CALL_ManojNaitik02June2026,61%
P0_API_TASKBASEREWARD_GLOBAL_EMAIL-LI-CALL_AkshatNaitik27May2026,Smartlead,P0_ABM_PASTCUSTSALESNAV(RECOVERING)_GLOBAL_EMAIL-LI-CALL_ManojNaitik02June2026,61%
P0_API_TASKBASEREWARD_GLOBAL_EMAIL-LI-CALL_AkshatNaitik27May2026,Smartlead,P0_ABM_PASTCUSTSALESNAV(DEAD)_GLOBAL_EMAIL-LI-CALL_ManojNaitik02June2026,62%
P0_API_TASKBASEREWARD_GLOBAL_EMAIL-LI-CALL_AkshatNaitik27May2026,Smartlead,P0_ABM_PASTCUSTSALESNAV(GROWTH)_GLOBAL_EMAIL-LI-CALL_ManojNaitik02June2026,60%
P0_API_TASKBASEREWARD_GLOBAL_EMAIL-LI-CALL_AkshatNaitik27May2026,Smartlead,P0_ABM_INTENT-B_LIVISIT-BUYER-HC50_GLOBAL_EMAIL-LI-CALL_ManojNaitik03June2026,66%
P0_API_TASKBASEREWARD_GLOBAL_EMAIL-LI-CALL_AkshatNaitik27May2026,Smartlead,P0_ABM_INTENT-B+_LIVISIT-BUYER-HC50_GLOBAL_EMAIL-LI-CALL_ManojNaitik03June2026,66%
P0_API_TASKBASEREWARD_GLOBAL_EMAIL-LI-CALL_AkshatNaitik27May2026,Smartlead,P0_ABM_INTENT-A_LIVISIT-BUYER-HC50_GLOBAL_EMAIL-LI-CALL_ManojNaitik03June2026,66%
P0_API_TASKBASEREWARD_GLOBAL_EMAIL-LI-CALL_AkshatNaitik27May2026,Smartlead,P0_ABM_INTENT-A+_LIVISIT-BUYER-HC50_GLOBAL_EMAIL-LI-CALL_ManojNaitik03June2026,66%
P0_API_TASKBASEREWARD_GLOBAL_EMAIL-LI-CALL_AkshatNaitik27May2026,HeyReach,P0_ABM_PASTCUSTSALESNAV(GROWTH)_GLOBAL_EMAIL-LI-CALL_ManojNaitik02June2026,60%
P0_API_TASKBASEREWARD_GLOBAL_EMAIL-LI-CALL_AkshatNaitik27May2026,HeyReach,P0_ABM_INTENT-B_LIVISIT-BUYER-HC50_GLOBAL_EMAIL-LI-CALL_ManojNaitik03June2026,66%
P0_API_TASKBASEREWARD_GLOBAL_EMAIL-LI-CALL_AkshatNaitik27May2026,HeyReach,P0_ABM_INTENT-B+_LIVISIT-BUYER-HC50_GLOBAL_EMAIL-LI-CALL_ManojNaitik03June2026,66%
P0_API_TASKBASEREWARD_GLOBAL_EMAIL-LI-CALL_AkshatNaitik27May2026,HeyReach,P0_ABM_INTENT-A_LIVISIT-BUYER-HC50_GLOBAL_EMAIL-LI-CALL_ManojNaitik03June2026,66%
P0_API_TASKBASEREWARD_GLOBAL_EMAIL-LI-CALL_AkshatNaitik27May2026,HeyReach,P0_ABM_INTENT-A+_LIVISIT-BUYER-HC50_GLOBAL_EMAIL-LI-CALL_ManojNaitik03June2026,66%
P0_Critical_Event_PreEvent_US_LOYALTYCONNECT_Email_Abhi_28April2026,Smartlead,P0_Critical_Event_PreEvent_US_LOYALTYCONNECT_Email_AbhiShameelSanjeeda_28April2026,82%
P0_Event_PostEvent_Quirks_LI_US_ShameelMahima_30Apr26,Smartlead,P0_Event_PostEvent_World AtWork_US_ShameelMahima_30Apr26,60%
P0_Event_PostEvent_Quirks_LI_US_ShameelMahima_30Apr26,Smartlead,P0_Event_UnLeashEvent_PostEvent_US_ShameelMahima_6May26,63%
P0_Event_PostEvent_Quirks_LI_US_ShameelMahima_30Apr26,Smartlead,P0_Events_HRTransformSpeakersList_PostEvent_US_ShameelMahima_6May26,70%
P0_Event_PostEvent_Quirks_LI_US_ShameelMahima_30Apr26,HeyReach,P0_Event_PostEvent_Quirks_LI_US_ShameelMahima_30Apr26,95%
P0_Event_PostEvent_World AtWork_US_ShameelMahima_30Apr26,Smartlead,P0_Event_PostEvent_World AtWork_US_ShameelMahima_30Apr26,95%
P0_Event_PostEvent_World AtWork_US_ShameelMahima_30Apr26,Smartlead,P0_Event_UnLeashEvent_PostEvent_US_ShameelMahima_6May26,71%
P0_Event_PostEvent_World AtWork_US_ShameelMahima_30Apr26,Smartlead,P0_Events_HRTrasnformBoothLeads_PostEvent_US_ShameelMahima_6May26,66%
P0_Event_PostEvent_World AtWork_US_ShameelMahima_30Apr26,Smartlead,P0_Events_CHROTransformational_PostEvent_US_ShameelMahima_6May26,66%
P0_Event_PostEvent_World AtWork_US_ShameelMahima_30Apr26,Smartlead,P0_Events_HRTransformSpeakersList_PostEvent_US_ShameelMahima_6May26,66%
"P0_EVENTS_NAA - Apartmentalize - New Orleans, LA - 6/17/2026_USA_GaneshNaitik26June2026",Smartlead,"P0_EVENTS_NAA - Apartmentalize - New Orleans, LA - 6/17/2026_USA_GaneshNaitik26June2026",95%
P0_EVNT_CarrotsStakesSeattle_LI_US_ShameelRakesh_14MAY2026,HeyReach,P0_EVNT_CarrotsStakesSeattle_LI_US_ShameelRakesh_14MAY2026  ,95%
P0_EVNT_DuringEventAMACXOCHROSummit_IND_EMAIL_WH_VikasRakesh_29MAY2026,Smartlead,P0_EVNT_DuringEventAMACXOCHROSummit_IND_EMAIL_WH_VikasRakesh_29MAY2026,95%
P0_EVNT_DuringEventAMACXOCHROSummit_IND_EMAIL_WH_VikasRakesh_29MAY2026,Smartlead,P0_PostEventAMACXOCHROSummit_IND_EMAIL_WH_VikasRakesh_29MAY2026,77%
P0_EVNT_DuringEventAMACXOCHROSummit_IND_EMAIL_WH_VikasRakesh_29MAY2026,Smartlead,P0_EVNT_PostEventSHRM_EMAIL_WH_IND_VikasRakesh_22MAY2026,74%
P0_EVNT_DuringEventAMACXOCHROSummit_IND_EMAIL_WH_VikasRakesh_29MAY2026,Smartlead,P0_EVNT_DuringEventSHRM_EMAIL_WH_IND_VikasRakesh_21MAY2026,78%
P0_EVNT_DuringEventAMACXOCHROSummit_IND_EMAIL_WH_VikasRakesh_29MAY2026,Smartlead,P0_EVNT_PostEventGrowthSummit_Others_IND_EMAIL_VikasRakesh_14MAY2026,64%
P0_EVNT_DuringEventAMACXOCHROSummit_IND_EMAIL_WH_VikasRakesh_29MAY2026,Smartlead,P0_EVNT_PostEventGrowthSummit_ProfessionalServices_IND_EMAIL_VikasRakesh_14MAY2026,62%
P0_EVNT_DuringEventAMACXOCHROSummit_IND_EMAIL_WH_VikasRakesh_29MAY2026,Smartlead,P0_EVNT_PostEventGrowthSummit_RealEstateHospitality_IND_EMAIL_VikasRakesh_14MAY2026,61%
P0_EVNT_DuringEventAMACXOCHROSummit_IND_EMAIL_WH_VikasRakesh_29MAY2026,Smartlead,P0_EVNT_PostEventGrowthSummit_EnergyIndustrials_IND_EMAIL_VikasRakesh_14MAY2026,61%
P0_EVNT_DuringEventAMACXOCHROSummit_IND_EMAIL_WH_VikasRakesh_29MAY2026,Smartlead,P0_EVNT_PostEventGrowthSummit_HealthcarePharma_IND_EMAIL_VikasRakesh_14MAY2026,63%
P0_EVNT_DuringEventAMACXOCHROSummit_IND_EMAIL_WH_VikasRakesh_29MAY2026,Smartlead,P0_EVNT_PostEventGrowthSummit_MediaEntertainment_IND_EMAIL_VikasRakesh_14MAY2026,63%
P0_EVNT_DuringEventAMACXOCHROSummit_IND_EMAIL_WH_VikasRakesh_29MAY2026,Smartlead,P0_EVNT_PostEventGrowthSummit_RetailConsumer_IND_EMAIL_VikasRakesh_14MAY2026,63%
P0_EVNT_DuringEventAMACXOCHROSummit_IND_EMAIL_WH_VikasRakesh_29MAY2026,Smartlead,P0_EVNT_PostEventGrowthSummit_Technology_IND_EMAIL_VikasRakesh_14MAY2026,63%
P0_EVNT_DuringEventAMACXOCHROSummit_IND_EMAIL_WH_VikasRakesh_29MAY2026,Smartlead,P0_EVNT_PostEventGrowthSummit_FinancialServices_IND_EMAIL_VikasRakesh_14MAY2026,63%
P0_EVNT_DuringEventAMACXOCHROSummit_IND_EMAIL_WH_VikasRakesh_29MAY2026,Smartlead,P0_EVNT_PreeventMoEngage-GrowthSummit_IND_EMAIL_VikasRakesh_13MAY2026,64%
P0_EVNT_DuringEventAMACXOCHROSummit_IND_EMAIL_WH_VikasRakesh_29MAY2026,Smartlead,P0_EVNT_PreeventMoEngage-GrowthSummit_IND_EMAIL_VikasRakesh_12MAY2026,65%
P0_EVNT_DuringEventAMACXOCHROSummit_IND_EMAIL_WH_VikasRakesh_29MAY2026,Smartlead,P0_EVNT_IIM-KSangamattendees_Thankyouemailer_EMAIL_IND_VikasRakesh_18JUN26,60%
P0_EVNT_DuringEventSHRM_EMAIL_WH_IND_VikasRakesh_21MAY2026,Smartlead,P0_EVNT_DuringEventSHRM_EMAIL_WH_IND_VikasRakesh_21MAY2026,95%
P0_EVNT_DuringEventSHRM_EMAIL_WH_IND_VikasRakesh_21MAY2026,Smartlead,P0_EVNT_DuringEventAMACXOCHROSummit_IND_EMAIL_WH_VikasRakesh_29MAY2026,78%
P0_EVNT_DuringEventSHRM_EMAIL_WH_IND_VikasRakesh_21MAY2026,Smartlead,P0_EVNT_PostEventSHRM_EMAIL_WH_IND_VikasRakesh_22MAY2026,79%
P0_EVNT_DuringEventSHRM_EMAIL_WH_IND_VikasRakesh_21MAY2026,Smartlead,P0_PostEventAMACXOCHROSummit_IND_EMAIL_WH_VikasRakesh_29MAY2026,70%
P0_EVNT_DuringEventSHRM_EMAIL_WH_IND_VikasRakesh_21MAY2026,Smartlead,P0_EVNT_PostEventGrowthSummit_Others_IND_EMAIL_VikasRakesh_14MAY2026,63%
P0_EVNT_DuringEventSHRM_EMAIL_WH_IND_VikasRakesh_21MAY2026,Smartlead,P0_EVNT_PostEventGrowthSummit_ProfessionalServices_IND_EMAIL_VikasRakesh_14MAY2026,61%
P0_EVNT_DuringEventSHRM_EMAIL_WH_IND_VikasRakesh_21MAY2026,Smartlead,P0_EVNT_PostEventGrowthSummit_EnergyIndustrials_IND_EMAIL_VikasRakesh_14MAY2026,60%
P0_EVNT_DuringEventSHRM_EMAIL_WH_IND_VikasRakesh_21MAY2026,Smartlead,P0_EVNT_PostEventGrowthSummit_HealthcarePharma_IND_EMAIL_VikasRakesh_14MAY2026,62%
P0_EVNT_DuringEventSHRM_EMAIL_WH_IND_VikasRakesh_21MAY2026,Smartlead,P0_EVNT_PostEventGrowthSummit_MediaEntertainment_IND_EMAIL_VikasRakesh_14MAY2026,61%
P0_EVNT_DuringEventSHRM_EMAIL_WH_IND_VikasRakesh_21MAY2026,Smartlead,P0_EVNT_PostEventGrowthSummit_RetailConsumer_IND_EMAIL_VikasRakesh_14MAY2026,62%
P0_EVNT_DuringEventSHRM_EMAIL_WH_IND_VikasRakesh_21MAY2026,Smartlead,P0_EVNT_PostEventGrowthSummit_Technology_IND_EMAIL_VikasRakesh_14MAY2026,62%
P0_EVNT_DuringEventSHRM_EMAIL_WH_IND_VikasRakesh_21MAY2026,Smartlead,P0_EVNT_PostEventGrowthSummit_FinancialServices_IND_EMAIL_VikasRakesh_14MAY2026,61%
P0_EVNT_DuringEventSHRM_EMAIL_WH_IND_VikasRakesh_21MAY2026,Smartlead,P0_EVNT_PreeventMoEngage-GrowthSummit_IND_EMAIL_VikasRakesh_13MAY2026,63%
P0_EVNT_DuringEventSHRM_EMAIL_WH_IND_VikasRakesh_21MAY2026,Smartlead,P0_EVNT_PreeventMoEngage-GrowthSummit_IND_EMAIL_VikasRakesh_12MAY2026,63%
P0_EVNT_DuringEventSHRM_EMAIL_WH_IND_VikasRakesh_21MAY2026,Smartlead,P0_EVNT_IIM-KSangamattendees_Thankyouemailer_EMAIL_IND_VikasRakesh_18JUN26,62%
P0_EVNT_IIM-KSangamattendees_Thankyouemailer_EMAIL_IND_VikasRakesh_18JUN26,Smartlead,P0_EVNT_IIM-KSangamattendees_Thankyouemailer_EMAIL_IND_VikasRakesh_18JUN26,95%
P0_EVNT_IIM-KSangamattendees_Thankyouemailer_EMAIL_IND_VikasRakesh_18JUN26,Smartlead,P0_EVNT_DuringEventAMACXOCHROSummit_IND_EMAIL_WH_VikasRakesh_29MAY2026,60%
P0_EVNT_IIM-KSangamattendees_Thankyouemailer_EMAIL_IND_VikasRakesh_18JUN26,Smartlead,P0_EVNT_PostEventSHRM_EMAIL_WH_IND_VikasRakesh_22MAY2026,61%
P0_EVNT_IIM-KSangamattendees_Thankyouemailer_EMAIL_IND_VikasRakesh_18JUN26,Smartlead,P0_EVNT_DuringEventSHRM_EMAIL_WH_IND_VikasRakesh_21MAY2026,62%
P0_EVNT_IIM-KSangamattendees_Thankyouemailer_EMAIL_IND_VikasRakesh_18JUN26,Smartlead,P0_EVNT_PostEventGrowthSummit_Others_IND_EMAIL_VikasRakesh_14MAY2026,62%
P0_EVNT_IIM-KSangamattendees_Thankyouemailer_EMAIL_IND_VikasRakesh_18JUN26,Smartlead,P0_EVNT_PostEventGrowthSummit_ProfessionalServices_IND_EMAIL_VikasRakesh_14MAY2026,62%
P0_EVNT_IIM-KSangamattendees_Thankyouemailer_EMAIL_IND_VikasRakesh_18JUN26,Smartlead,P0_EVNT_PostEventGrowthSummit_EnergyIndustrials_IND_EMAIL_VikasRakesh_14MAY2026,62%
P0_EVNT_IIM-KSangamattendees_Thankyouemailer_EMAIL_IND_VikasRakesh_18JUN26,Smartlead,P0_EVNT_PostEventGrowthSummit_HealthcarePharma_IND_EMAIL_VikasRakesh_14MAY2026,62%
P0_EVNT_IIM-KSangamattendees_Thankyouemailer_EMAIL_IND_VikasRakesh_18JUN26,Smartlead,P0_EVNT_PostEventGrowthSummit_MediaEntertainment_IND_EMAIL_VikasRakesh_14MAY2026,62%
P0_EVNT_IIM-KSangamattendees_Thankyouemailer_EMAIL_IND_VikasRakesh_18JUN26,Smartlead,P0_EVNT_PostEventGrowthSummit_RetailConsumer_IND_EMAIL_VikasRakesh_14MAY2026,64%
P0_EVNT_IIM-KSangamattendees_Thankyouemailer_EMAIL_IND_VikasRakesh_18JUN26,Smartlead,P0_EVNT_PostEventGrowthSummit_Technology_IND_EMAIL_VikasRakesh_14MAY2026,62%
P0_EVNT_IIM-KSangamattendees_Thankyouemailer_EMAIL_IND_VikasRakesh_18JUN26,Smartlead,P0_EVNT_PostEventGrowthSummit_FinancialServices_IND_EMAIL_VikasRakesh_14MAY2026,63%
P0_EVNT_IIM-KSangamattendees_Thankyouemailer_EMAIL_IND_VikasRakesh_18JUN26,Smartlead,P0_EVNT_PreeventMoEngage-GrowthSummit_IND_EMAIL_VikasRakesh_13MAY2026,63%
P0_EVNT_IIM-KSangamattendees_Thankyouemailer_EMAIL_IND_VikasRakesh_18JUN26,Smartlead,P0_EVNT_PreeventMoEngage-GrowthSummit_IND_EMAIL_VikasRakesh_12MAY2026,63%
P0_EVNT_MoEngageGrowth Summit_IND_EMAIL_VikasRakesh_14MAY2026,Smartlead,P0_EVNT_PostEventGrowthSummit_Others_IND_EMAIL_VikasRakesh_14MAY2026,79%
P0_EVNT_MoEngageGrowth Summit_IND_EMAIL_VikasRakesh_14MAY2026,Smartlead,P0_EVNT_PostEventGrowthSummit_ProfessionalServices_IND_EMAIL_VikasRakesh_14MAY2026,77%
P0_EVNT_MoEngageGrowth Summit_IND_EMAIL_VikasRakesh_14MAY2026,Smartlead,P0_EVNT_PostEventGrowthSummit_RealEstateHospitality_IND_EMAIL_VikasRakesh_14MAY2026,70%
P0_EVNT_MoEngageGrowth Summit_IND_EMAIL_VikasRakesh_14MAY2026,Smartlead,P0_EVNT_PostEventGrowthSummit_EnergyIndustrials_IND_EMAIL_VikasRakesh_14MAY2026,72%
P0_EVNT_MoEngageGrowth Summit_IND_EMAIL_VikasRakesh_14MAY2026,Smartlead,P0_EVNT_PostEventGrowthSummit_HealthcarePharma_IND_EMAIL_VikasRakesh_14MAY2026,77%
P0_EVNT_MoEngageGrowth Summit_IND_EMAIL_VikasRakesh_14MAY2026,Smartlead,P0_EVNT_PostEventGrowthSummit_MediaEntertainment_IND_EMAIL_VikasRakesh_14MAY2026,77%
P0_EVNT_MoEngageGrowth Summit_IND_EMAIL_VikasRakesh_14MAY2026,Smartlead,P0_EVNT_PostEventGrowthSummit_RetailConsumer_IND_EMAIL_VikasRakesh_14MAY2026,78%
P0_EVNT_MoEngageGrowth Summit_IND_EMAIL_VikasRakesh_14MAY2026,Smartlead,P0_EVNT_PostEventGrowthSummit_Technology_IND_EMAIL_VikasRakesh_14MAY2026,78%
P0_EVNT_MoEngageGrowth Summit_IND_EMAIL_VikasRakesh_14MAY2026,Smartlead,P0_EVNT_PostEventGrowthSummit_FinancialServices_IND_EMAIL_VikasRakesh_14MAY2026,77%
P0_EVNT_MoEngageGrowth Summit_IND_EMAIL_VikasRakesh_14MAY2026,Smartlead,P0_EVNT_DuringEventAMACXOCHROSummit_IND_EMAIL_WH_VikasRakesh_29MAY2026,64%
P0_EVNT_MoEngageGrowth Summit_IND_EMAIL_VikasRakesh_14MAY2026,Smartlead,P0_EVNT_PostEventSHRM_EMAIL_WH_IND_VikasRakesh_22MAY2026,62%
P0_EVNT_MoEngageGrowth Summit_IND_EMAIL_VikasRakesh_14MAY2026,Smartlead,P0_EVNT_DuringEventSHRM_EMAIL_WH_IND_VikasRakesh_21MAY2026,62%
P0_EVNT_MoEngageGrowth Summit_IND_EMAIL_VikasRakesh_14MAY2026,Smartlead,P0_EVNT_PreeventMoEngage-GrowthSummit_IND_EMAIL_VikasRakesh_13MAY2026,80%
P0_EVNT_MoEngageGrowth Summit_IND_EMAIL_VikasRakesh_14MAY2026,Smartlead,P0_EVNT_PreeventMoEngage-GrowthSummit_IND_EMAIL_VikasRakesh_12MAY2026,80%
P0_EVNT_MoEngageGrowth Summit_IND_EMAIL_VikasRakesh_14MAY2026,Smartlead,P0_EVNT_IIM-KSangamattendees_Thankyouemailer_EMAIL_IND_VikasRakesh_18JUN26,64%
P0_EVNT_MoEngageGrowth Summit_IND_EMAIL_VikasRakesh_14MAY2026,Smartlead,P0_PostEventAMACXOCHROSummit_IND_EMAIL_WH_VikasRakesh_29MAY2026,61%
P0_EVNT_PostEvent_BoothAtt_ETFutFwdMetroManila_PH_EMAIL_LI_NehaRakesh_05JUN26,Smartlead,P0_EVNT_PostEvent_BoothAtt_ETFutFwdMetroManila_PH_EMAIL_LI_NehaRakesh_05JUN26,95%
P0_EVNT_PostEvent_BoothAtt_ETFutFwdMetroManila_PH_EMAIL_LI_NehaRakesh_05JUN26,Smartlead,P0_EVNT_RoundTwo_PostEvent_BoothAtt_ETFutFwdMetroManila_PH_EMAIL_LI_NehaRakesh_05JUN26,93%
P0_EVNT_PostEvent_BoothAtt_ETFutFwdMetroManila_PH_EMAIL_LI_NehaRakesh_05JUN26,Smartlead,P0_EVNT_PreeventETFutFwSEA_PH_EMAIL_NehaRakesh_05JUN26,67%
P0_EVNT_PostEventSHRM_EMAIL_WH_IND_VikasRakesh_22MAY2026,Smartlead,P0_EVNT_PostEventSHRM_EMAIL_WH_IND_VikasRakesh_22MAY2026,95%
P0_EVNT_PostEventSHRM_EMAIL_WH_IND_VikasRakesh_22MAY2026,Smartlead,P0_EVNT_DuringEventAMACXOCHROSummit_IND_EMAIL_WH_VikasRakesh_29MAY2026,74%
P0_EVNT_PostEventSHRM_EMAIL_WH_IND_VikasRakesh_22MAY2026,Smartlead,P0_EVNT_DuringEventSHRM_EMAIL_WH_IND_VikasRakesh_21MAY2026,79%
P0_EVNT_PostEventSHRM_EMAIL_WH_IND_VikasRakesh_22MAY2026,Smartlead,P0_PostEventAMACXOCHROSummit_IND_EMAIL_WH_VikasRakesh_29MAY2026,72%
P0_EVNT_PostEventSHRM_EMAIL_WH_IND_VikasRakesh_22MAY2026,Smartlead,P0_EVNT_PostEventGrowthSummit_Others_IND_EMAIL_VikasRakesh_14MAY2026,64%
P0_EVNT_PostEventSHRM_EMAIL_WH_IND_VikasRakesh_22MAY2026,Smartlead,P0_EVNT_PostEventGrowthSummit_ProfessionalServices_IND_EMAIL_VikasRakesh_14MAY2026,62%
P0_EVNT_PostEventSHRM_EMAIL_WH_IND_VikasRakesh_22MAY2026,Smartlead,P0_EVNT_PostEventGrowthSummit_RealEstateHospitality_IND_EMAIL_VikasRakesh_14MAY2026,60%
P0_EVNT_PostEventSHRM_EMAIL_WH_IND_VikasRakesh_22MAY2026,Smartlead,P0_EVNT_PostEventGrowthSummit_EnergyIndustrials_IND_EMAIL_VikasRakesh_14MAY2026,61%
P0_EVNT_PostEventSHRM_EMAIL_WH_IND_VikasRakesh_22MAY2026,Smartlead,P0_EVNT_PostEventGrowthSummit_HealthcarePharma_IND_EMAIL_VikasRakesh_14MAY2026,63%
P0_EVNT_PostEventSHRM_EMAIL_WH_IND_VikasRakesh_22MAY2026,Smartlead,P0_EVNT_PostEventGrowthSummit_MediaEntertainment_IND_EMAIL_VikasRakesh_14MAY2026,63%
P0_EVNT_PostEventSHRM_EMAIL_WH_IND_VikasRakesh_22MAY2026,Smartlead,P0_EVNT_PostEventGrowthSummit_RetailConsumer_IND_EMAIL_VikasRakesh_14MAY2026,63%
P0_EVNT_PostEventSHRM_EMAIL_WH_IND_VikasRakesh_22MAY2026,Smartlead,P0_EVNT_PostEventGrowthSummit_Technology_IND_EMAIL_VikasRakesh_14MAY2026,63%
P0_EVNT_PostEventSHRM_EMAIL_WH_IND_VikasRakesh_22MAY2026,Smartlead,P0_EVNT_PostEventGrowthSummit_FinancialServices_IND_EMAIL_VikasRakesh_14MAY2026,62%
P0_EVNT_PostEventSHRM_EMAIL_WH_IND_VikasRakesh_22MAY2026,Smartlead,P0_EVNT_PreeventMoEngage-GrowthSummit_IND_EMAIL_VikasRakesh_13MAY2026,62%
P0_EVNT_PostEventSHRM_EMAIL_WH_IND_VikasRakesh_22MAY2026,Smartlead,P0_EVNT_PreeventMoEngage-GrowthSummit_IND_EMAIL_VikasRakesh_12MAY2026,63%
P0_EVNT_PostEventSHRM_EMAIL_WH_IND_VikasRakesh_22MAY2026,Smartlead,P0_EVNT_IIM-KSangamattendees_Thankyouemailer_EMAIL_IND_VikasRakesh_18JUN26,61%
P0_EVNT_PreeventETFutFwSEA_PH_EMAIL_NehaRakesh_05JUN26.,Smartlead,P0_EVNT_PreeventETFutFwSEA_PH_EMAIL_NehaRakesh_05JUN26,95%
P0_EVNT_RoundTwo_PostEvent_BoothAtt_ETFutFwdMetroManila_PH_EMAIL_LI_NehaRakesh_05JUN26,Smartlead,P0_EVNT_RoundTwo_PostEvent_BoothAtt_ETFutFwdMetroManila_PH_EMAIL_LI_NehaRakesh_05JUN26,95%
P0_EVNT_RoundTwo_PostEvent_BoothAtt_ETFutFwdMetroManila_PH_EMAIL_LI_NehaRakesh_05JUN26,Smartlead,P0_EVNT_PostEvent_BoothAtt_ETFutFwdMetroManila_PH_EMAIL_LI_NehaRakesh_05JUN26,93%
P0_EVNT_RoundTwo_PostEvent_BoothAtt_ETFutFwdMetroManila_PH_EMAIL_LI_NehaRakesh_05JUN26,Smartlead,P0_EVNT_PreeventETFutFwSEA_PH_EMAIL_NehaRakesh_05JUN26,66%
P0_EVNTS_KSA/IDN_PSTEVNTINDONESIASUMMMIT_NehaImeldaNaitik05Apr2026,Smartlead,P0_EVNTS_KSA_IDN_PSTEVNTINDONESIASUMMMIT_NehaImeldaNaitik05Apr2026,95%
P0_FACTOHR_IND_EMAIL_LI_PoornimaRakesh_19MAY26,Smartlead,P0_PRTN_PeopleStrongClientsOutreach_Email_LI_IND_NicholesRakesh_30MAY26,67%
P0_FACTOHR_IND_EMAIL_LI_PoornimaRakesh_19MAY26,Smartlead,P1_PRTN_FactoHRClients_EMAIL_LI_IND_PoornimaRakesh_22MAY2026,61%
P0_FACTOHR_IND_EMAIL_LI_PoornimaRakesh_19MAY26,HeyReach,P0_FACTOHR_IND_EMAIL_LI_PoornimaRakesh_19MAY26,95%
P0_GCC_PAYMNT&TRANFR_EMAIL-LI_NusratSanjeeda6May2026,Smartlead,P0_GCC_PAYMNT&TRANFR_Payments gateways-LI_NusratSanjeeda6May2026,67%
P0_GCC_PAYMNT&TRANFR_EMAIL-LI_NusratSanjeeda6May2026,Smartlead,P0_GCC_PAYMNT&TRANFR_Infra-Wallets-LI_NusratSanjeeda6May2026 - copy,60%
P0_GCC_PAYMNT&TRANFR_EMAIL-LI_NusratSanjeeda6May2026,HeyReach,P0_GCC_PAYMNT&TRANFR_infrastructure_LI_NusratSanjeeda6May2026,77%
P0_GCC_PAYMNT&TRANFR_EMAIL-LI_NusratSanjeeda6May2026,HeyReach,P0_GCC_PAYMNT&TRANFR_PAYMENT-GATEWAYS-LI_NusratSanjeeda6May2026,67%
P0_GCC_PAYMNT&TRANFR_EMAIL-LI_NusratSanjeeda6May2026,HeyReach,P0_GCC_PAYMNT&TRANFR_WALLETS AND CARDS-LI_NusratSanjeeda6May2026,60%
P0_Post EventMoEngageGrowthSummit_IND_EMAIL_WA_VikasRakesh_14MAY2026,Smartlead,P0_EVNT_PostEventGrowthSummit_Others_IND_EMAIL_VikasRakesh_14MAY2026,70%
P0_Post EventMoEngageGrowthSummit_IND_EMAIL_WA_VikasRakesh_14MAY2026,Smartlead,P0_EVNT_PostEventGrowthSummit_ProfessionalServices_IND_EMAIL_VikasRakesh_14MAY2026,68%
P0_Post EventMoEngageGrowthSummit_IND_EMAIL_WA_VikasRakesh_14MAY2026,Smartlead,P0_EVNT_PostEventGrowthSummit_RealEstateHospitality_IND_EMAIL_VikasRakesh_14MAY2026,63%
P0_Post EventMoEngageGrowthSummit_IND_EMAIL_WA_VikasRakesh_14MAY2026,Smartlead,P0_EVNT_PostEventGrowthSummit_EnergyIndustrials_IND_EMAIL_VikasRakesh_14MAY2026,65%
P0_Post EventMoEngageGrowthSummit_IND_EMAIL_WA_VikasRakesh_14MAY2026,Smartlead,P0_EVNT_PostEventGrowthSummit_HealthcarePharma_IND_EMAIL_VikasRakesh_14MAY2026,69%
P0_Post EventMoEngageGrowthSummit_IND_EMAIL_WA_VikasRakesh_14MAY2026,Smartlead,P0_EVNT_PostEventGrowthSummit_MediaEntertainment_IND_EMAIL_VikasRakesh_14MAY2026,69%
P0_Post EventMoEngageGrowthSummit_IND_EMAIL_WA_VikasRakesh_14MAY2026,Smartlead,P0_EVNT_PostEventGrowthSummit_RetailConsumer_IND_EMAIL_VikasRakesh_14MAY2026,69%
P0_Post EventMoEngageGrowthSummit_IND_EMAIL_WA_VikasRakesh_14MAY2026,Smartlead,P0_EVNT_PostEventGrowthSummit_Technology_IND_EMAIL_VikasRakesh_14MAY2026,70%
P0_Post EventMoEngageGrowthSummit_IND_EMAIL_WA_VikasRakesh_14MAY2026,Smartlead,P0_EVNT_PostEventGrowthSummit_FinancialServices_IND_EMAIL_VikasRakesh_14MAY2026,69%
P0_Post EventMoEngageGrowthSummit_IND_EMAIL_WA_VikasRakesh_14MAY2026,Smartlead,P0_PostEventAMACXOCHROSummit_IND_EMAIL_WH_VikasRakesh_29MAY2026,62%
P0_PostEventAMACXOCHROSummit_IND_EMAIL_WH_VikasRakesh_29MAY2026,Smartlead,P0_PostEventAMACXOCHROSummit_IND_EMAIL_WH_VikasRakesh_29MAY2026,95%
P0_PostEventAMACXOCHROSummit_IND_EMAIL_WH_VikasRakesh_29MAY2026,Smartlead,P0_EVNT_DuringEventAMACXOCHROSummit_IND_EMAIL_WH_VikasRakesh_29MAY2026,77%
P0_PostEventAMACXOCHROSummit_IND_EMAIL_WH_VikasRakesh_29MAY2026,Smartlead,P0_EVNT_PostEventSHRM_EMAIL_WH_IND_VikasRakesh_22MAY2026,72%
P0_PostEventAMACXOCHROSummit_IND_EMAIL_WH_VikasRakesh_29MAY2026,Smartlead,P0_EVNT_DuringEventSHRM_EMAIL_WH_IND_VikasRakesh_21MAY2026,70%
P0_PostEventAMACXOCHROSummit_IND_EMAIL_WH_VikasRakesh_29MAY2026,Smartlead,P0_EVNT_PostEventGrowthSummit_Others_IND_EMAIL_VikasRakesh_14MAY2026,61%
P0_PostEventAMACXOCHROSummit_IND_EMAIL_WH_VikasRakesh_29MAY2026,Smartlead,P0_EVNT_PostEventGrowthSummit_ProfessionalServices_IND_EMAIL_VikasRakesh_14MAY2026,60%
P0_PostEventAMACXOCHROSummit_IND_EMAIL_WH_VikasRakesh_29MAY2026,Smartlead,P0_EVNT_PostEventGrowthSummit_HealthcarePharma_IND_EMAIL_VikasRakesh_14MAY2026,60%
P0_PostEventAMACXOCHROSummit_IND_EMAIL_WH_VikasRakesh_29MAY2026,Smartlead,P0_EVNT_PostEventGrowthSummit_MediaEntertainment_IND_EMAIL_VikasRakesh_14MAY2026,60%
P0_PostEventAMACXOCHROSummit_IND_EMAIL_WH_VikasRakesh_29MAY2026,Smartlead,P0_EVNT_PostEventGrowthSummit_RetailConsumer_IND_EMAIL_VikasRakesh_14MAY2026,60%
P0_PostEventAMACXOCHROSummit_IND_EMAIL_WH_VikasRakesh_29MAY2026,Smartlead,P0_EVNT_PostEventGrowthSummit_Technology_IND_EMAIL_VikasRakesh_14MAY2026,61%
P0_PostEventAMACXOCHROSummit_IND_EMAIL_WH_VikasRakesh_29MAY2026,Smartlead,P0_EVNT_PostEventGrowthSummit_FinancialServices_IND_EMAIL_VikasRakesh_14MAY2026,60%
P0_PostEventAMACXOCHROSummit_IND_EMAIL_WH_VikasRakesh_29MAY2026,Smartlead,P0_EVNT_PreeventMoEngage-GrowthSummit_IND_EMAIL_VikasRakesh_13MAY2026,61%
P0_PostEventAMACXOCHROSummit_IND_EMAIL_WH_VikasRakesh_29MAY2026,Smartlead,P0_EVNT_PreeventMoEngage-GrowthSummit_IND_EMAIL_VikasRakesh_12MAY2026,61%
P0_PRTN_DallasLocalOutreac_DarwinboxEvent_US_EMAIL_LI_15JUN26,Smartlead,P0_PRTN_DallasLocalOutreac_DarwinboxEvent_US_EMAIL_LI_YashRakesh_15JUN26,91%
P0_PRTN_DallasLocalOutreac_DarwinboxEvent_US_EMAIL_LI_15JUN26,HeyReach,P0_PRTN_DallasLocalOutreach_DarwinboxEvent_US_EMAIL_LI_15JUN26,80%
P0_PRTN_PeopleStrongClientsOutreach_Email_LI_IND_US_AUS_GCC_NicholesRakesh_28MAY26,Smartlead,P0_PRTN_PeopleStrongClientsOutreach_Email_LI_GCC_NicholesRakesh_30MAY26,71%
P0_PRTN_PeopleStrongClientsOutreach_Email_LI_IND_US_AUS_GCC_NicholesRakesh_28MAY26,Smartlead,P0_PRTN_PeopleStrongClientsOutreach_Email_LI_AUS_NicholesRakesh_30MAY26,71%
P0_PRTN_PeopleStrongClientsOutreach_Email_LI_IND_US_AUS_GCC_NicholesRakesh_28MAY26,Smartlead,P0_PRTN_PeopleStrongClientsOutreach_Email_LI_US_NicholesRakesh_30MAY26,70%
P0_PRTN_PeopleStrongClientsOutreach_Email_LI_IND_US_AUS_GCC_NicholesRakesh_28MAY26,Smartlead,P0_PRTN_PeopleStrongClientsOutreach_Email_LI_IND_NicholesRakesh_30MAY26,71%
P0_PRTNR_BAMBOOHRClientOutreach_US_EMAIL_YashRakesh_20MAY26,Smartlead,P0_PRTNR_BAMBOOHRClientOutreach_US_EMAIL_YashRakesh_20MAY26,95%
P0_PRTNR_BAMBOOHRClientOutreach_US_EMAIL_YashRakesh_20MAY26,Smartlead,P0_PRTNR_SAPAE_US_EMAIL-LI_YashrRakesh_21MAY26,71%
P0_PRTNR_NETCORE_IND_EMAIL-LI-WP-CALL_Akshima10Apr2026,UNMATCHED,—,0%
P0_PRTNR_POSTEVENT_IND_LI_poornima-shafia_20APR2026,UNMATCHED,—,0%
P0_PRTNR_POSTEVENTPOCKETHRMS_IND_LI_poornima-shafia,UNMATCHED,—,0%
P0_PRTNR_POSTEVENTSPRINGWORKS(TSOW)_IND_LI_poornima-shafia-Sanjeeda,UNMATCHED,—,0%
P0_PRTNR_Salesforce_Global_LI_Ambika-shafia,HeyReach,P0_PRTNR_Salesforce_Global_LI_Ambika-shafia,95%
P0_PRTNR_SAPAE_US_EMAIL_YashrRakesh_21MAY26,Smartlead,P0_PRTNR_SAPAE_US_EMAIL-LI_YashrRakesh_21MAY26,90%
P0_PRTNR_SAPAE_US_EMAIL_YashrRakesh_21MAY26,Smartlead,P0_PRTNR_BAMBOOHRClientOutreach_US_EMAIL_YashRakesh_20MAY26,66%
P0_PRTNR_SAPAE_US_EMAIL_YashrRakesh_21MAY26,HeyReach,P0_PRTNR_SAPAE_US_LI_AmyPranshu_YashrRakesh_21MAY26,67%
P0_PRTNR_SAPAE_US_EMAIL_YashrRakesh_21MAY26,HeyReach,P0_PRTNR_SAPAE_US_LI_ABHI_YashrRakesh_21MAY26,67%
P0_PRTNR_SAPAE_US_LI_YashrRakesh_21MAY26,Smartlead,P0_PRTNR_SAPAE_US_EMAIL-LI_YashrRakesh_21MAY26,90%
P0_PRTNR_SAPAE_US_LI_YashrRakesh_21MAY26,HeyReach,P0_PRTNR_SAPAE_US_LI_AmyPranshu_YashrRakesh_21MAY26,90%
P0_PRTNR_SAPAE_US_LI_YashrRakesh_21MAY26,HeyReach,P0_PRTNR_SAPAE_US_LI_ABHI_YashrRakesh_21MAY26,90%
P0_SalesforceSlackWelcome Group_US_Email-LI-ShafiaAmbika_20Apr26,UNMATCHED,—,0%
P0_SMB_IND_CAM_LOYALIFE-COMPASS_ArjitaSanjeeda ,Smartlead,P0_SMB_IND_LOYALIFE-COMPASS_ArjitaSanjeeda_Loyalife ,88%
P0_SMB_IND_CAM_LOYALIFE-COMPASS_ArjitaSanjeeda ,Smartlead,P0_SMB_IND_LOYALIFE-COMPASS_ArjitaSanjeeda_Compass,88%
P0_SMB_IND_CAM_LOYALIFE-COMPASS_ArjitaSanjeeda ,Smartlead,P0_SMB_IND_LOYALIFE-COMPASS_NeelamSanjeeda_Loyalife,77%
P0_SMB_IND_CAM_LOYALIFE-COMPASS_ArjitaSanjeeda ,Smartlead,P0_SMB_IND_LOYALIFE-COMPASS_NeelamSanjeeda_Compass,77%
P0_SMB_IND_CAM_LOYALIFE-COMPASS_ArjitaSanjeeda ,HeyReach,P0_SMB_IND_LOYALIFE-COMPASS_ArjitaSanjeeda_Loyalife,88%
P0_SMB_IND_CAM_LOYALIFE-COMPASS_ArjitaSanjeeda ,HeyReach,P0_SMB_IND_LOYALIFE-COMPASS_ArjitaSanjeeda_Compass,88%
P0_SMB_IND_CAM_LOYALIFE-COMPASS_ArjitaSanjeeda ,HeyReach,P0_SMB_IND_LOYALIFE-COMPASS_NeelamSanjeeda_Loyalife,77%
P0_SMB_IND_CAM_LOYALIFE-COMPASS_ArjitaSanjeeda ,HeyReach,P0_SMB_IND_LOYALIFE-COMPASS_NeelamSanjeeda_Compass,77%
P0_SMB_IND_LOYALIFE-COMPASS_NeelamSanjeeda_Compass,Smartlead,P0_SMB_IND_LOYALIFE-COMPASS_NeelamSanjeeda_Loyalife,95%
P0_SMB_IND_LOYALIFE-COMPASS_NeelamSanjeeda_Compass,Smartlead,P0_SMB_IND_LOYALIFE-COMPASS_NeelamSanjeeda_Compass,95%
P0_SMB_IND_LOYALIFE-COMPASS_NeelamSanjeeda_Compass,Smartlead,P0_SMB_IND_LOYALIFE-COMPASS_ArjitaSanjeeda_Loyalife ,77%
P0_SMB_IND_LOYALIFE-COMPASS_NeelamSanjeeda_Compass,Smartlead,P0_SMB_IND_LOYALIFE-COMPASS_ArjitaSanjeeda_Compass,80%
P0_SMB_IND_LOYALIFE-COMPASS_NeelamSanjeeda_Compass,HeyReach,P0_SMB_IND_LOYALIFE-COMPASS_NeelamSanjeeda_Loyalife,95%
P0_SMB_IND_LOYALIFE-COMPASS_NeelamSanjeeda_Compass,HeyReach,P0_SMB_IND_LOYALIFE-COMPASS_NeelamSanjeeda_Compass,95%
P0_SMB_IND_LOYALIFE-COMPASS_NeelamSanjeeda_Compass,HeyReach,P0_SMB_IND_LOYALIFE-COMPASS_ArjitaSanjeeda_Loyalife,77%
P0_SMB_IND_LOYALIFE-COMPASS_NeelamSanjeeda_Compass,HeyReach,P0_SMB_IND_LOYALIFE-COMPASS_ArjitaSanjeeda_Compass,80%
P0_SMB_Vishnu_Empuls_Sanjeeda ,Smartlead,P0_SMB_Vishnu_Empuls_Sanjeeda-Tech-SaaS,71%
P0_SMB_Vishnu_Empuls_Sanjeeda ,Smartlead,P0_SMB_Vishnu_Empuls_Sanjeeda-Hospitality-Retail-Consumer,63%
P0_SMB_Vishnu_Empuls_Sanjeeda ,Smartlead,P0_SMB_Vishnu_Empuls_Sanjeeda-Fintech-Financial-Services,63%
P0_SMB_Vishnu_Empuls_Sanjeeda ,Smartlead,P0_SMB_Vishnu_Empuls_Sanjeeda-High-Attrition-Industries,63%
P0_SMB_Vishnu_Empuls_Sanjeeda ,Smartlead,P0_SMB_Vishnu_Empuls_Sanjeeda-Logistics-Supply-Chain-Industrial,66%
P0_SMB_Vishnu_Empuls_Sanjeeda ,HeyReach,P0_SMB_Vishnu_Empuls_Sanjeeda- S3 Tech & SaaS ,63%
P0_SMB_Vishnu_Empuls_Sanjeeda ,HeyReach,P0_SMB_Vishnu_Empuls_Sanjeeda-S2 Fintech & FS,70%
P0_SMB_Vishnu_Empuls_Sanjeeda ,HeyReach,P0_SMB_Vishnu_Empuls_Sanjeeda-S1 High-Attrition,63%
P0_SMB_Vishnu_Empuls_Sanjeeda ,HeyReach,"P0_SMB_Vishnu_Empuls_Sanjeeda- S5 HOSPITALITY, RETAIL AND CONSUMER",66%
P0_SMB_Vishnu_Empuls_Sanjeeda ,HeyReach,"P0_SMB_Vishnu_Empuls_Sanjeeda-S4LOGISTICS, SUPPLY CHAIN AND INDUSTRIAL",66%
P0_SMB_Vishnu_Empuls_Sanjeeda ,HeyReach,P0_SMB_Neelam_Empuls_Sanjeeda-C4 Healthcare & Consumer,65%
P0_SMB_Vishnu_Empuls_Sanjeeda ,HeyReach,P0_SMB_Neelam_Empuls_Sanjeeda-C1 Manufacturing & Eng,66%
P0_SMB_Vishnu_Empuls_Sanjeeda ,HeyReach,P0_SMB_Neelam_Empuls_Sanjeeda-C3 IT Services & Tech,66%
P0_SMB_Vishnu_Empuls_Sanjeeda ,HeyReach,P0_SMB_Neelam_Empuls_Sanjeeda-C2 Banking Fintech & FS,66%
P0_SMB_Vishnu_loyalife_Sanjeeda,Smartlead,P0_SMB_Vishnu_loyalife_Sanjeeda-Partner-Platform-Loyalty,63%
P0_SMB_Vishnu_loyalife_Sanjeeda,Smartlead,P0_SMB_Vishnu_loyalife_Sanjeeda-BFSI-Customer-Engagement,63%
P0_SMB_Vishnu_loyalife_Sanjeeda,Smartlead,P0_SMB_Vishnu_loyalife_Sanjeeda-Consumer-Loyalty-Retention,63%
P0_SMB_Vishnu_loyalife_Sanjeeda,Smartlead,P0_SMB_Vishnu_Empuls_Sanjeeda-Hospitality-Retail-Consumer,61%
P0_SMB_Vishnu_loyalife_Sanjeeda,Smartlead,P0_SMB_IND_LOYALIFE-COMPASS_ArjitaSanjeeda_Loyalife ,67%
P0_SMB_Vishnu_loyalife_Sanjeeda,Smartlead,P0_SMB_IND_LOYALIFE-COMPASS_ArjitaSanjeeda_Compass,67%
P0_SMB_Vishnu_loyalife_Sanjeeda,Smartlead,P0_SMB_IND_LOYALIFE-COMPASS_NeelamSanjeeda_Loyalife,67%
P0_SMB_Vishnu_loyalife_Sanjeeda,Smartlead,P0_SMB_IND_LOYALIFE-COMPASS_NeelamSanjeeda_Compass,67%
P0_SMB_Vishnu_loyalife_Sanjeeda,HeyReach,P0_SMB_Vishnu_loyalife_Sanjeeda - SEGMENT D: PARTNER AND PLATFORM LOYALTY,64%
P0_SMB_Vishnu_loyalife_Sanjeeda,HeyReach,P0_SMB_Vishnu_loyalife_Sanjeeda - Segment C - Real Estate Referral & Buyer Loyalty,64%
P0_SMB_Vishnu_loyalife_Sanjeeda,HeyReach,P0_SMB_IND_LOYALIFE-COMPASS_ArjitaSanjeeda_Loyalife,67%
P0_SMB_Vishnu_loyalife_Sanjeeda,HeyReach,P0_SMB_IND_LOYALIFE-COMPASS_NeelamSanjeeda_Loyalife,67%
P0_SMB_Vishnu_loyalife_Sanjeeda,HeyReach,P0_SMB_IND_LOYALIFE-COMPASS_ArjitaSanjeeda_Compass,67%
P0_SMB_Vishnu_loyalife_Sanjeeda,HeyReach,P0_SMB_IND_LOYALIFE-COMPASS_NeelamSanjeeda_Compass,67%
P0_SMB_Vishnu_loyalife_Sanjeeda,HeyReach,"P0_SMB_Vishnu_Empuls_Sanjeeda- S5 HOSPITALITY, RETAIL AND CONSUMER",60%
"P0-Hunting_F2F meeting Request for 13, 14 May_sohanSanjeeda_11May2026",Smartlead,"P0-Hunting_F2F meeting Request for 13, 14 May_sohanSanjeeda_11May2026",95%
P1_ ABM_ IND_Himanshu Empuls_Sanjeeda,HeyReach,P1_ ABM_ IND_Himanshu Empuls_Sanjeeda - Healthcare,88%
P1_ ABM_ IND_Himanshu Empuls_Sanjeeda,HeyReach, P1_ ABM_ IND_Himanshu Empuls_Sanjeeda- Manufacturing,88%
P1_ ABM_ IND_Himanshu Empuls_Sanjeeda,HeyReach,P1_ ABM_ IND_Himanshu Empuls_Sanjeeda - Banking Fintech,77%
P1_ ABM_ IND_Himanshu Empuls_Sanjeeda,HeyReach, P1_ ABM_ IND_Himanshu Empuls_Sanjeeda- IT & TECH,77%
P1_ ABM_ IND_Himanshu Empuls_Sanjeeda,HeyReach,P1_ ABM_ IND_Himanshu Empuls_Sanjeeda- IT & TECH,77%
P1_ABM_AfricalPassiveDeals_Africa_MAryMAhima_28Apr26,Smartlead,P1_ABM_AfricalPassiveDeals_Africa_MAryMAhima_28Apr26,95%
P1_ABM_BFSI_AFR_EMAIL-LI_ROSHAAN_25APR2026,Smartlead,P1_ABM_BFSI-FIF_AFR_EMAIL-LI_roshaan_15May2026,79%
P1_ABM_BFSI_AFR_EMAIL-LI_ROSHAAN_25APR2026,Smartlead,P2_ABM_BFSI-Stanbic_AFR_EMAIL-LI_Roshaan,60%
P1_ABM_BFSI_AFR_EMAIL-LI_ROSHAAN_25APR2026,Smartlead,P1_ABM_BFSI-BankOfAfrica_AFR_EMAIL_SanjeedaRoshaan,67%
P1_ABM_BFSI_AFR_EMAIL-LI_ROSHAAN_25APR2026,Smartlead,P2_ABM_BNPL_AFR_EMAIL-LI_Roshaan-Mary-Sanjeeda_EmbeddedBNPL-FR,61%
P1_ABM_BFSI_AFR_EMAIL-LI_ROSHAAN_25APR2026,Smartlead,P2_ABM_BNPL_AFR_EMAIL-LI_Roshaan-Mary-Sanjeeda_PurePlay-FR,61%
P1_ABM_BFSI_AFR_EMAIL-LI_ROSHAAN_25APR2026,Smartlead,P2_ABM_BNPL_AFR_EMAIL-LI_Roshaan-Mary-Sanjeeda_EmbeddedBNPL-EN,60%
P1_ABM_BFSI_AFR_EMAIL-LI_ROSHAAN_25APR2026,Smartlead,P2_ABM_BNPL_AFR_EMAIL-LI_Roshaan-Mary-Sanjeeda_PurePlay-EN,61%
P1_ABM_BFSI_AFR_EMAIL-LI_ROSHAAN_25APR2026,HeyReach,P1_ABM_BFSI_AFR_FIFA_EMAIL-LI_roshaan_15May2026,79%
P1_ABM_BFSI_AFR_EMAIL-LI_ROSHAAN_25APR2026,HeyReach,P1_ABM_BFSI-BankOfAfrica_AFR_EMAIL_SanjeedaRoshaan,67%
P1_ABM_BFSI_AFR_EMAIL-LI_ROSHAAN_25APR2026,HeyReach,P2_ABM_BNPL_AFR_EMAIL-LI_Roshaan-Mary-Sanjeeda_EmbeddedBNPL-EN,60%
P1_ABM_BFSI_AFR_EMAIL-LI_ROSHAAN_25APR2026,HeyReach,P2_ABM_BNPL_AFR_EMAIL-LI_Roshaan-Mary-Sanjeeda_PurePlay-EN,61%
P1_ABM_BFSI_FIFA_AFR_EMAIL-LI_roshaan_15May2026-SANJEEDA,Smartlead,P1_ABM_BFSI-FIF_AFR_EMAIL-LI_roshaan_15May2026,80%
P1_ABM_BFSI_FIFA_AFR_EMAIL-LI_roshaan_15May2026-SANJEEDA,Smartlead,P2_ABM_BFSI-Stanbic_AFR_EMAIL-LI_Roshaan,62%
P1_ABM_BFSI_FIFA_AFR_EMAIL-LI_roshaan_15May2026-SANJEEDA,Smartlead,P1_ABM_BFSI-BankOfAfrica_AFR_EMAIL_SanjeedaRoshaan,67%
P1_ABM_BFSI_FIFA_AFR_EMAIL-LI_roshaan_15May2026-SANJEEDA,Smartlead,P2_ABM_BNPL_AFR_EMAIL-LI_Roshaan-Mary-Sanjeeda_EmbeddedBNPL-FR,62%
P1_ABM_BFSI_FIFA_AFR_EMAIL-LI_roshaan_15May2026-SANJEEDA,Smartlead,P2_ABM_BNPL_AFR_EMAIL-LI_Roshaan-Mary-Sanjeeda_PurePlay-FR,63%
P1_ABM_BFSI_FIFA_AFR_EMAIL-LI_roshaan_15May2026-SANJEEDA,Smartlead,P2_ABM_BNPL_AFR_EMAIL-LI_Roshaan-Mary-Sanjeeda_EmbeddedBNPL-EN,62%
P1_ABM_BFSI_FIFA_AFR_EMAIL-LI_roshaan_15May2026-SANJEEDA,Smartlead,P2_ABM_BNPL_AFR_EMAIL-LI_Roshaan-Mary-Sanjeeda_PurePlay-EN,63%
P1_ABM_BFSI_FIFA_AFR_EMAIL-LI_roshaan_15May2026-SANJEEDA,Smartlead,P1_ABM_EXCHANGE-COMPANIES_GCC_Email/LI_Nusrat-Sanjeeda,60%
P1_ABM_BFSI_FIFA_AFR_EMAIL-LI_roshaan_15May2026-SANJEEDA,HeyReach,P1_ABM_BFSI_AFR_FIFA_EMAIL-LI_roshaan_15May2026,92%
P1_ABM_BFSI_FIFA_AFR_EMAIL-LI_roshaan_15May2026-SANJEEDA,HeyReach,P2_ABM_BFSI-Stanbic_AFR_EMAIL-LI_Roshaan-_01Jun2026,63%
P1_ABM_BFSI_FIFA_AFR_EMAIL-LI_roshaan_15May2026-SANJEEDA,HeyReach,P1_ABM_BFSI-BankOfAfrica_AFR_EMAIL_SanjeedaRoshaan,67%
P1_ABM_BFSI_FIFA_AFR_EMAIL-LI_roshaan_15May2026-SANJEEDA,HeyReach,P2_ABM_BNPL_AFR_EMAIL-LI_Roshaan-Mary-Sanjeeda_EmbeddedBNPL-EN,62%
P1_ABM_BFSI_FIFA_AFR_EMAIL-LI_roshaan_15May2026-SANJEEDA,HeyReach,P2_ABM_BNPL_AFR_EMAIL-LI_Roshaan-Mary-Sanjeeda_PurePlay-EN,63%
P1_ABM_BFSI_FIFA_AFR_EMAIL-LI_roshaan_15May2026-SANJEEDA,HeyReach,P1_ABM_EXCHANGE-COMPANIES_GCC_Email/LI_Nusrat-Sanjeeda,60%
P1_ABM_BFSI_FIFA_AFR_EMAIL-LI_roshaan_15May2026-SANJEEDA,HeyReach,P2_ABM_BFSI-Stanbic_AFR_EMAIL-LI_NimeshSanjeeda-_01Jun2026,61%
P1_ABM_BFSI_Gamification + Merchant-funded Offers_GCC_EMAIL-LI_naveen-mary_22May2026,Smartlead,P1_ABM_BFSI_Solution 1: Gamification + Merchant-Funded Offers _GCC_EMAIL-LI_naveen-mary-sanjeeda_22May2026,89%
P1_ABM_BFSI_Gamification + Merchant-funded Offers_GCC_EMAIL-LI_naveen-mary_22May2026,Smartlead,P1_ABM_BFSI_Solution 3: Plum — Rewards & Gifting Infrastructure _GCC_EMAIL-LI_naveen-mary-sanjeeda_22May2026 ,68%
P1_ABM_BFSI_Gamification + Merchant-funded Offers_GCC_EMAIL-LI_naveen-mary_22May2026,Smartlead,P1_ABM_BFSI_Solution 2: Empuls — Employee Rewards & Recognition _GCC_EMAIL-LI_naveen-mary-sanjeeda_22May2026,68%
P1_ABM_BFSI_Gamification + Merchant-funded Offers_GCC_EMAIL-LI_naveen-mary_22May2026,Smartlead,P1_ABM_PASSDEAL(Muneet)_GCC_EMAIL-LI_naveen,70%
P1_ABM_BFSI_Gamification + Merchant-funded Offers_GCC_EMAIL-LI_naveen-mary_22May2026,Smartlead,P2_ABM_YGAG-PROCUREMENT_LEADERS_GCC_EMAIL-LI_naveen-mary-sanjeeda_22May2026,62%
P1_ABM_BFSI_Gamification + Merchant-funded Offers_GCC_EMAIL-LI_naveen-mary_22May2026,Smartlead,P2_ABM_YGAG_HR-LEADERS_GCC_EMAIL-LI_naveen-mary-sanjeeda_22May2026,61%
P1_ABM_BFSI_Gamification + Merchant-funded Offers_GCC_EMAIL-LI_naveen-mary_22May2026,Smartlead,P1_ABM_Gamification_OtherSegments_Government_GCC_EMAIL_LI_NaveenRakesh_15MAY2026,72%
P1_ABM_BFSI_Gamification + Merchant-funded Offers_GCC_EMAIL-LI_naveen-mary_22May2026,Smartlead,P1_ABM_Gamification_OtherSegments_Healthcare_GCC_EMAIL_LI_NaveenRakesh_15MAY2026,72%
P1_ABM_BFSI_Gamification + Merchant-funded Offers_GCC_EMAIL-LI_naveen-mary_22May2026,Smartlead,P1_ABM_Gamification_OtherSegments_Ecommerce_GCC_EMAIL_LI_NaveenRakesh_15MAY2026,73%
P1_ABM_BFSI_Gamification + Merchant-funded Offers_GCC_EMAIL-LI_naveen-mary_22May2026,Smartlead,P1_ABM_Gamification_OtherSegments_Automotive_GCC_EMAIL_LI_NaveenRakesh_15MAY2026,72%
P1_ABM_BFSI_Gamification + Merchant-funded Offers_GCC_EMAIL-LI_naveen-mary_22May2026,Smartlead,P1_ABM_Gamification_OtherSegments_Media_GCC_EMAIL_LI_NaveenRakesh_15MAY2026,73%
P1_ABM_BFSI_Gamification + Merchant-funded Offers_GCC_EMAIL-LI_naveen-mary_22May2026,Smartlead,P1_ABM_Gamification_OtherSegments_Conglomerate_GCC_EMAIL_LI_NaveenRakesh_15MAY2026,73%
P1_ABM_BFSI_Gamification + Merchant-funded Offers_GCC_EMAIL-LI_naveen-mary_22May2026,Smartlead,P1_ABM_Gamification_OtherSegments_RealEstate_GCC_EMAIL_LI_NaveenRakesh_15MAY2026,72%
P1_ABM_BFSI_Gamification + Merchant-funded Offers_GCC_EMAIL-LI_naveen-mary_22May2026,Smartlead,P1_ABM_Gamification_OtherSegments_TechTelecom_GCC_EMAIL_LI_NaveenRakesh_15MAY2026,72%
P1_ABM_BFSI_Gamification + Merchant-funded Offers_GCC_EMAIL-LI_naveen-mary_22May2026,Smartlead,P1_ABM_Gamification_OtherSegments_Travel_GCC_EMAIL_LI_NaveenRakesh_15MAY2026,72%
P1_ABM_BFSI_Gamification + Merchant-funded Offers_GCC_EMAIL-LI_naveen-mary_22May2026,HeyReach,P1_ABM_BFSI_Gamification + Merchant-funded Offers_GCC-NaveenSanjeeda-procurement,64%
P1_ABM_BFSI_Gamification + Merchant-funded Offers_GCC_EMAIL-LI_naveen-mary_22May2026,HeyReach,P1_ABM_BFSI_Gamification + Merchant-funded Offers_GCC-NaveenSanjeeda-HR,65%
P1_ABM_BFSI_Gamification + Merchant-funded Offers_GCC_EMAIL-LI_naveen-mary_22May2026,HeyReach,P2_ABM_YGAG-PROCUREMENT_LEADERS_GCC_EMAIL-LI_naveen-mary-sanjeeda_22May2026,62%
P1_ABM_BFSI_Gamification + Merchant-funded Offers_GCC_EMAIL-LI_naveen-mary_22May2026,HeyReach,P2_ABM_YGAG_HR-LEADERS_GCC_EMAIL-LI_naveen-mary-sanjeeda_22May2026,61%
P1_ABM_BFSI_Gamification + Merchant-funded Offers_GCC_EMAIL-LI_naveen-mary_22May2026,HeyReach,P1_ABM_DREAM_Procurement & Sourcing_GCC_EMAIL-LI_naveen,70%
P1_ABM_BFSI_IDN_EMAIL-LI_Imelda-Faris_25May2026-SANJEEDA,Smartlead,P1_ABM_BFSI_IDN_EMAIL-LI_Faris-Traditional,70%
P1_ABM_BFSI_IDN_EMAIL-LI_Imelda-Faris_25May2026-SANJEEDA,Smartlead,P1_ABM_BFSI_IDN_EMAIL-LI_Imelda-Traditional,71%
P1_ABM_BFSI_IDN_EMAIL-LI_Imelda-Faris_25May2026-SANJEEDA,Smartlead,P1_ABM_BFSI_IDN_EMAIL-LI_Faris-Digibank,70%
P1_ABM_BFSI_IDN_EMAIL-LI_Imelda-Faris_25May2026-SANJEEDA,Smartlead,P1_ABM_BFSI_IDN_EMAIL-LI_Imelda-Digibank,71%
P1_ABM_BFSI_IDN_EMAIL-LI_Imelda-Faris_25May2026-SANJEEDA,Smartlead,P1_ABM_EXCHANGE-COMPANIES_GCC_Email/LI_Nusrat-Sanjeeda,67%
P1_ABM_BFSI_IDN_EMAIL-LI_Imelda-Faris_25May2026-SANJEEDA,HeyReach,P1_ABM_BFSI_IDN_EMAIL-LI-Digital Banks Faris,70%
P1_ABM_BFSI_IDN_EMAIL-LI_Imelda-Faris_25May2026-SANJEEDA,HeyReach,P1_ABM_BFSI_IDN_EMAIL-LI-Digital Banks Imelda,69%
P1_ABM_BFSI_IDN_EMAIL-LI_Imelda-Faris_25May2026-SANJEEDA,HeyReach,P1_ABM_BFSI_IDN_EMAIL-LI-Traditional Banks - Faris,69%
P1_ABM_BFSI_IDN_EMAIL-LI_Imelda-Faris_25May2026-SANJEEDA,HeyReach,P1_ABM_BFSI_IDN_EMAIL-LI_Traditional Banks-Imelda,68%
P1_ABM_BFSI_IDN_EMAIL-LI_Imelda-Faris_25May2026-SANJEEDA,HeyReach,P1_ABM_EXCHANGE-COMPANIES_GCC_Email/LI_Nusrat-Sanjeeda,67%
P1_ABM_BFSI-BankOfAfrica_AFR_EMAIL-LI_Roshaan_Sanjeeda,Smartlead,P1_ABM_BFSI-FIF_AFR_EMAIL-LI_roshaan_15May2026,74%
P1_ABM_BFSI-BankOfAfrica_AFR_EMAIL-LI_Roshaan_Sanjeeda,Smartlead,P1_ABM_BFSI-BankOfAfrica_AFR_EMAIL_SanjeedaRoshaan,71%
P1_ABM_BFSI-BankOfAfrica_AFR_EMAIL-LI_Roshaan_Sanjeeda,Smartlead,P2_ABM_BNPL_AFR_EMAIL-LI_Roshaan-Mary-Sanjeeda_EmbeddedBNPL-FR,61%
P1_ABM_BFSI-BankOfAfrica_AFR_EMAIL-LI_Roshaan_Sanjeeda,Smartlead,P2_ABM_BNPL_AFR_EMAIL-LI_Roshaan-Mary-Sanjeeda_PurePlay-FR,62%
P1_ABM_BFSI-BankOfAfrica_AFR_EMAIL-LI_Roshaan_Sanjeeda,Smartlead,P2_ABM_BNPL_AFR_EMAIL-LI_Roshaan-Mary-Sanjeeda_EmbeddedBNPL-EN,61%
P1_ABM_BFSI-BankOfAfrica_AFR_EMAIL-LI_Roshaan_Sanjeeda,Smartlead,P2_ABM_BNPL_AFR_EMAIL-LI_Roshaan-Mary-Sanjeeda_PurePlay-EN,62%
P1_ABM_BFSI-BankOfAfrica_AFR_EMAIL-LI_Roshaan_Sanjeeda,Smartlead,P1_ABM_EXCHANGE-COMPANIES_GCC_Email/LI_Nusrat-Sanjeeda,62%
P1_ABM_BFSI-BankOfAfrica_AFR_EMAIL-LI_Roshaan_Sanjeeda,HeyReach,P1_ABM_BFSI_AFR_FIFA_EMAIL-LI_roshaan_15May2026,74%
P1_ABM_BFSI-BankOfAfrica_AFR_EMAIL-LI_Roshaan_Sanjeeda,HeyReach,P1_ABM_BFSI-BankOfAfrica_AFR_EMAIL_SanjeedaRoshaan,71%
P1_ABM_BFSI-BankOfAfrica_AFR_EMAIL-LI_Roshaan_Sanjeeda,HeyReach,P2_ABM_BFSI-Stanbic_AFR_EMAIL-LI_Roshaan-_01Jun2026,63%
P1_ABM_BFSI-BankOfAfrica_AFR_EMAIL-LI_Roshaan_Sanjeeda,HeyReach,P2_ABM_BNPL_AFR_EMAIL-LI_Roshaan-Mary-Sanjeeda_EmbeddedBNPL-EN,61%
P1_ABM_BFSI-BankOfAfrica_AFR_EMAIL-LI_Roshaan_Sanjeeda,HeyReach,P2_ABM_BNPL_AFR_EMAIL-LI_Roshaan-Mary-Sanjeeda_PurePlay-EN,62%
P1_ABM_BFSI-BankOfAfrica_AFR_EMAIL-LI_Roshaan_Sanjeeda,HeyReach,P1_ABM_EXCHANGE-COMPANIES_GCC_Email/LI_Nusrat-Sanjeeda,62%
P1_ABM_BFSI-BankOfAfrica_AFR_EMAIL-LI_Roshaan_Sanjeeda,HeyReach,P2_ABM_BFSI-Stanbic_AFR_EMAIL-LI_NimeshSanjeeda-_01Jun2026,62%
P1_ABM_BFSI-FIFA_KSA_EMAIL-LI_zoya_18May2026-SANJEEDA,Smartlead,P1_ABM_BFSI-FIFA_KSA_EMAIL-LI_zoya_18May2026,92%
P1_ABM_BFSI-FIFA_KSA_EMAIL-LI_zoya_18May2026-SANJEEDA,Smartlead,P1_ABM_EXCHANGE-COMPANIES_GCC_Email/LI_Nusrat-Sanjeeda,60%
P1_ABM_BFSI-FIFA_KSA_EMAIL-LI_zoya_18May2026-SANJEEDA,HeyReach,P1_ABM_BFSI-FIFA_KSA_EMAIL-LI_zoya_18May2026,92%
P1_ABM_BFSI-FIFA_KSA_EMAIL-LI_zoya_18May2026-SANJEEDA,HeyReach,P1_ABM_EXCHANGE-COMPANIES_GCC_Email/LI_Nusrat-Sanjeeda,60%
P1_ABM_DREAM_Procurement & Sourcing_GCC_EMAIL-LI_naveen_15May2026-SANJEEDA,Smartlead,P1_ABM_PASSDEAL(Muneet)_GCC_EMAIL-LI_naveen,72%
P1_ABM_DREAM_Procurement & Sourcing_GCC_EMAIL-LI_naveen_15May2026-SANJEEDA,Smartlead,P2_ABM_YGAG-PROCUREMENT_LEADERS_GCC_EMAIL-LI_naveen-mary-sanjeeda_22May2026,63%
P1_ABM_DREAM_Procurement & Sourcing_GCC_EMAIL-LI_naveen_15May2026-SANJEEDA,Smartlead,P1_ABM_EXCHANGE-COMPANIES_GCC_Email/LI_Nusrat-Sanjeeda,66%
P1_ABM_DREAM_Procurement & Sourcing_GCC_EMAIL-LI_naveen_15May2026-SANJEEDA,Smartlead,P1_ABM_Gamification_OtherSegments_Government_GCC_EMAIL_LI_NaveenRakesh_15MAY2026,72%
P1_ABM_DREAM_Procurement & Sourcing_GCC_EMAIL-LI_naveen_15May2026-SANJEEDA,Smartlead,P1_ABM_Gamification_OtherSegments_Healthcare_GCC_EMAIL_LI_NaveenRakesh_15MAY2026,72%
P1_ABM_DREAM_Procurement & Sourcing_GCC_EMAIL-LI_naveen_15May2026-SANJEEDA,Smartlead,P1_ABM_Gamification_OtherSegments_Ecommerce_GCC_EMAIL_LI_NaveenRakesh_15MAY2026,73%
P1_ABM_DREAM_Procurement & Sourcing_GCC_EMAIL-LI_naveen_15May2026-SANJEEDA,Smartlead,P1_ABM_Gamification_OtherSegments_Automotive_GCC_EMAIL_LI_NaveenRakesh_15MAY2026,72%
P1_ABM_DREAM_Procurement & Sourcing_GCC_EMAIL-LI_naveen_15May2026-SANJEEDA,Smartlead,P1_ABM_Gamification_OtherSegments_Media_GCC_EMAIL_LI_NaveenRakesh_15MAY2026,72%
P1_ABM_DREAM_Procurement & Sourcing_GCC_EMAIL-LI_naveen_15May2026-SANJEEDA,Smartlead,P1_ABM_Gamification_OtherSegments_Conglomerate_GCC_EMAIL_LI_NaveenRakesh_15MAY2026,72%
P1_ABM_DREAM_Procurement & Sourcing_GCC_EMAIL-LI_naveen_15May2026-SANJEEDA,Smartlead,P1_ABM_Gamification_OtherSegments_RealEstate_GCC_EMAIL_LI_NaveenRakesh_15MAY2026,72%
P1_ABM_DREAM_Procurement & Sourcing_GCC_EMAIL-LI_naveen_15May2026-SANJEEDA,Smartlead,P1_ABM_Gamification_OtherSegments_TechTelecom_GCC_EMAIL_LI_NaveenRakesh_15MAY2026,72%
P1_ABM_DREAM_Procurement & Sourcing_GCC_EMAIL-LI_naveen_15May2026-SANJEEDA,Smartlead,P1_ABM_Gamification_OtherSegments_Travel_GCC_EMAIL_LI_NaveenRakesh_15MAY2026,72%
P1_ABM_DREAM_Procurement & Sourcing_GCC_EMAIL-LI_naveen_15May2026-SANJEEDA,Smartlead,P1_ABM_BFSI_Solution 3: Plum — Rewards & Gifting Infrastructure _GCC_EMAIL-LI_naveen-mary-sanjeeda_22May2026 ,66%
P1_ABM_DREAM_Procurement & Sourcing_GCC_EMAIL-LI_naveen_15May2026-SANJEEDA,Smartlead,P1_ABM_BFSI_Solution 2: Empuls — Employee Rewards & Recognition _GCC_EMAIL-LI_naveen-mary-sanjeeda_22May2026,67%
P1_ABM_DREAM_Procurement & Sourcing_GCC_EMAIL-LI_naveen_15May2026-SANJEEDA,Smartlead,P1_ABM_BFSI_Solution 1: Gamification + Merchant-Funded Offers _GCC_EMAIL-LI_naveen-mary-sanjeeda_22May2026,71%
P1_ABM_DREAM_Procurement & Sourcing_GCC_EMAIL-LI_naveen_15May2026-SANJEEDA,Smartlead,P1_High_ABM_DREAM_GCC_EMAIL_NaveenSanjeeda_21APR2026_,66%
P1_ABM_DREAM_Procurement & Sourcing_GCC_EMAIL-LI_naveen_15May2026-SANJEEDA,Smartlead,P2_ABM_YGAG_HR-LEADERS_GCC_EMAIL-LI_naveen-mary-sanjeeda_22May2026,61%
P1_ABM_DREAM_Procurement & Sourcing_GCC_EMAIL-LI_naveen_15May2026-SANJEEDA,HeyReach,P1_ABM_DREAM_Procurement & Sourcing_GCC_EMAIL-LI_naveen,84%
P1_ABM_DREAM_Procurement & Sourcing_GCC_EMAIL-LI_naveen_15May2026-SANJEEDA,HeyReach,P2_ABM_YGAG-PROCUREMENT_LEADERS_GCC_EMAIL-LI_naveen-mary-sanjeeda_22May2026,63%
P1_ABM_DREAM_Procurement & Sourcing_GCC_EMAIL-LI_naveen_15May2026-SANJEEDA,HeyReach,P1_ABM_EXCHANGE-COMPANIES_GCC_Email/LI_Nusrat-Sanjeeda,66%
P1_ABM_DREAM_Procurement & Sourcing_GCC_EMAIL-LI_naveen_15May2026-SANJEEDA,HeyReach,P1_ABM_PASSDEAL(Muneet)_GCC_-LI_naveen,65%
P1_ABM_DREAM_Procurement & Sourcing_GCC_EMAIL-LI_naveen_15May2026-SANJEEDA,HeyReach,P1_High_ABM_DREAM_GCC_LI_NaveenSanjeeda_21APR2026_,65%
P1_ABM_DREAM_Procurement & Sourcing_GCC_EMAIL-LI_naveen_15May2026-SANJEEDA,HeyReach,P2_ABM_YGAG_HR-LEADERS_GCC_EMAIL-LI_naveen-mary-sanjeeda_22May2026,61%
P1_ABM_DREAM-BPO/KPO_PHL_EMAIL-LI_Vikas-Kimberly_05June2026-SANJEEDA,Smartlead,P1_ABM_DREAM-BPO/KPO_PHL_EMAIL-LI_Vikas- Influencers,71%
P1_ABM_DREAM-BPO/KPO_PHL_EMAIL-LI_Vikas-Kimberly_05June2026-SANJEEDA,Smartlead,P1_ABM_DREAM-BPO/KPO_PHL_EMAIL-LI_Vikas- Decision Makers,71%
P1_ABM_DREAM-BPO/KPO_PHL_EMAIL-LI_Vikas-Kimberly_05June2026-SANJEEDA,HeyReach,P1_ABM_DREAM-BPO/KPO_PHL_EMAIL-LI_Vikas-Kimberly_decisionMakers,79%
P1_ABM_DREAM-BPO/KPO_PHL_EMAIL-LI_Vikas-Kimberly_05June2026-SANJEEDA,HeyReach,P1_ABM_DREAM-BPO/KPO_PHL_EMAIL-LI_KIMBERLY,77%
P1_ABM_DREAM-BPO/KPO_PHL_EMAIL-LI_Vikas-Kimberly_05June2026-SANJEEDA,HeyReach,P1_ABM_DREAM-BPO/KPO_PHL_EMAIL-LI_KIM,62%
P1_ABM_DREAM-MANUFACTURING_PHL_EMAIL-LI_Vikas-Kimberly_05June2026-SANJEEDA,Smartlead,P1_ABM_DREAM-BPO/KPO_PHL_EMAIL-LI_Vikas- Influencers,68%
P1_ABM_DREAM-MANUFACTURING_PHL_EMAIL-LI_Vikas-Kimberly_05June2026-SANJEEDA,Smartlead,P1_ABM_DREAM-BPO/KPO_PHL_EMAIL-LI_Vikas- Decision Makers,68%
P1_ABM_DREAM-MANUFACTURING_PHL_EMAIL-LI_Vikas-Kimberly_05June2026-SANJEEDA,HeyReach,P1_ABM_DREAM-BPO/KPO_PHL_EMAIL-LI_Vikas-Kimberly_decisionMakers,70%
P1_ABM_EXCHANGE-COMPANIES_GCC_Email/LI_Nusrat-Sanjeeda,Smartlead,P1_ABM_EXCHANGE-COMPANIES_GCC_Email/LI_Nusrat-Sanjeeda,95%
P1_ABM_EXCHANGE-COMPANIES_GCC_Email/LI_Nusrat-Sanjeeda,HeyReach,P1_ABM_EXCHANGE-COMPANIES_GCC_Email/LI_Nusrat-Sanjeeda,95%
P1_ABM_Gamification_OtherSegments_GCC_EMAIL_LI_NaveenRakesh_15MAY2026,Smartlead,P1_ABM_Gamification_OtherSegments_Government_GCC_EMAIL_LI_NaveenRakesh_15MAY2026,92%
P1_ABM_Gamification_OtherSegments_GCC_EMAIL_LI_NaveenRakesh_15MAY2026,Smartlead,P1_ABM_Gamification_OtherSegments_Healthcare_GCC_EMAIL_LI_NaveenRakesh_15MAY2026,92%
P1_ABM_Gamification_OtherSegments_GCC_EMAIL_LI_NaveenRakesh_15MAY2026,Smartlead,P1_ABM_Gamification_OtherSegments_Ecommerce_GCC_EMAIL_LI_NaveenRakesh_15MAY2026,92%
P1_ABM_Gamification_OtherSegments_GCC_EMAIL_LI_NaveenRakesh_15MAY2026,Smartlead,P1_ABM_Gamification_OtherSegments_Automotive_GCC_EMAIL_LI_NaveenRakesh_15MAY2026,92%
P1_ABM_Gamification_OtherSegments_GCC_EMAIL_LI_NaveenRakesh_15MAY2026,Smartlead,P1_ABM_Gamification_OtherSegments_Media_GCC_EMAIL_LI_NaveenRakesh_15MAY2026,92%
P1_ABM_Gamification_OtherSegments_GCC_EMAIL_LI_NaveenRakesh_15MAY2026,Smartlead,P1_ABM_Gamification_OtherSegments_Conglomerate_GCC_EMAIL_LI_NaveenRakesh_15MAY2026,92%
P1_ABM_Gamification_OtherSegments_GCC_EMAIL_LI_NaveenRakesh_15MAY2026,Smartlead,P1_ABM_Gamification_OtherSegments_RealEstate_GCC_EMAIL_LI_NaveenRakesh_15MAY2026,92%
P1_ABM_Gamification_OtherSegments_GCC_EMAIL_LI_NaveenRakesh_15MAY2026,Smartlead,P1_ABM_Gamification_OtherSegments_TechTelecom_GCC_EMAIL_LI_NaveenRakesh_15MAY2026,92%
P1_ABM_Gamification_OtherSegments_GCC_EMAIL_LI_NaveenRakesh_15MAY2026,Smartlead,P1_ABM_Gamification_OtherSegments_Travel_GCC_EMAIL_LI_NaveenRakesh_15MAY2026,92%
P1_ABM_Gamification_OtherSegments_GCC_EMAIL_LI_NaveenRakesh_15MAY2026,Smartlead,P1_ABM_PASSDEAL(Muneet)_GCC_EMAIL-LI_naveen,71%
P1_ABM_Gamification_OtherSegments_GCC_EMAIL_LI_NaveenRakesh_15MAY2026,Smartlead,P0_ABM_B1_PRTNGamificationConsumerBrands_GCC_EMAIL-LI_NaveenRakesh_19MAY26,64%
P1_ABM_Gamification_OtherSegments_GCC_EMAIL_LI_NaveenRakesh_15MAY2026,Smartlead,P0_ABM_B1_PRTNGamificationRETAIL_GCC_EMAIL-LI_NaveenRakesh_19MAY26,64%
P1_ABM_Gamification_OtherSegments_GCC_EMAIL_LI_NaveenRakesh_15MAY2026,Smartlead,P0_ABM_B1_PRTNGamificationFINTECH_GCC_EMAIL-LI_NaveenRakesh_19MAY26,64%
P1_ABM_Gamification_OtherSegments_GCC_EMAIL_LI_NaveenRakesh_15MAY2026,Smartlead,P0_ABM_B1_PRTNGamificationBFSI_GCC_EMAIL-LI_NaveenRakesh_19MAY26,64%
P1_ABM_Gamification_OtherSegments_GCC_EMAIL_LI_NaveenRakesh_15MAY2026,HeyReach,P1_ABM_DREAM_Procurement & Sourcing_GCC_EMAIL-LI_naveen,71%
P1_ABM_KekaNetworkRe-EngagementCampaign_GCC_EMAIL_RajeshRakesh_18JUN26,Smartlead,P1_ABM_KekaNetworkRe-engagementCampaign_GCC_EMAIL_RajeshRakesh_18JUN26,95%
P1_ABM_KenyaPlum-Empuls_AFR_NimeshSanjeeda,Smartlead,P1_ABM_KenyaPlum-Empuls_AFR_NimeshSanjeeda-Insurance,88%
P1_ABM_KenyaPlum-Empuls_AFR_NimeshSanjeeda,Smartlead,P1_ABM_KenyaPlum-Empuls_AFR_NimeshSanjeeda-Telecom,88%
P1_ABM_KenyaPlum-Empuls_AFR_NimeshSanjeeda,Smartlead,P1_ABM_KenyaPlum-Empuls_AFR_NimeshSanjeeda-Banking,88%
P1_ABM_KenyaPlum-Empuls_AFR_NimeshSanjeeda,Smartlead,P1_ABM_KenyaPlum-Empuls_AFR_NimeshSanjeeda-OilandEnergy,88%
P1_ABM_KenyaPlum-Empuls_AFR_NimeshSanjeeda,Smartlead,P1_ABM_KenyaPlum-Empuls_AFR_NimeshSanjeeda-Human Resources,77%
P1_ABM_KenyaPlum-Empuls_AFR_NimeshSanjeeda,Smartlead,P1_ABM_KenyaPlum-Empuls_AFR_NimeshSanjeeda-Financial Services,77%
P1_ABM_KenyaPlum-Empuls_AFR_NimeshSanjeeda,HeyReach,P1_ABM_KenyaPlum-Empuls_AFR_NimeshSanjeeda-Insurance,88%
P1_ABM_KenyaPlum-Empuls_AFR_NimeshSanjeeda,HeyReach,P1_ABM_KenyaPlum-Empuls_AFR_NimeshSanjeeda-Telecom,88%
P1_ABM_KenyaPlum-Empuls_AFR_NimeshSanjeeda,HeyReach,P1_ABM_KenyaPlum-Empuls_AFR_NimeshSanjeeda-Banking,88%
P1_ABM_KenyaPlum-Empuls_AFR_NimeshSanjeeda,HeyReach,P1_ABM_KenyaPlum-Empuls_AFR_NimeshSanjeeda-OilandEnergy,88%
P1_ABM_KenyaPlum-Empuls_AFR_NimeshSanjeeda,HeyReach,P1_ABM_KenyaPlum-Empuls_AFR_NimeshSanjeeda-Human Resources,77%
P1_ABM_KenyaPlum-Empuls_AFR_NimeshSanjeeda,HeyReach,P1_ABM_KenyaPlum-Empuls_AFR_NimeshSanjeeda-Financial Services,77%
P1_ABM_PASSDEAL(Muneet)_GCC_EMAIL-LI_naveen_15May2026-SANJEEDA,Smartlead,P1_ABM_PASSDEAL(Muneet)_GCC_EMAIL-LI_naveen,82%
P1_ABM_PASSDEAL(Muneet)_GCC_EMAIL-LI_naveen_15May2026-SANJEEDA,Smartlead,P1_ABM_EXCHANGE-COMPANIES_GCC_Email/LI_Nusrat-Sanjeeda,66%
P1_ABM_PASSDEAL(Muneet)_GCC_EMAIL-LI_naveen_15May2026-SANJEEDA,Smartlead,P1_ABM_Gamification_OtherSegments_Government_GCC_EMAIL_LI_NaveenRakesh_15MAY2026,72%
P1_ABM_PASSDEAL(Muneet)_GCC_EMAIL-LI_naveen_15May2026-SANJEEDA,Smartlead,P1_ABM_Gamification_OtherSegments_Healthcare_GCC_EMAIL_LI_NaveenRakesh_15MAY2026,72%
P1_ABM_PASSDEAL(Muneet)_GCC_EMAIL-LI_naveen_15May2026-SANJEEDA,Smartlead,P1_ABM_Gamification_OtherSegments_Ecommerce_GCC_EMAIL_LI_NaveenRakesh_15MAY2026,72%
P1_ABM_PASSDEAL(Muneet)_GCC_EMAIL-LI_naveen_15May2026-SANJEEDA,Smartlead,P1_ABM_Gamification_OtherSegments_Automotive_GCC_EMAIL_LI_NaveenRakesh_15MAY2026,71%
P1_ABM_PASSDEAL(Muneet)_GCC_EMAIL-LI_naveen_15May2026-SANJEEDA,Smartlead,P1_ABM_Gamification_OtherSegments_Media_GCC_EMAIL_LI_NaveenRakesh_15MAY2026,72%
P1_ABM_PASSDEAL(Muneet)_GCC_EMAIL-LI_naveen_15May2026-SANJEEDA,Smartlead,P1_ABM_Gamification_OtherSegments_Conglomerate_GCC_EMAIL_LI_NaveenRakesh_15MAY2026,71%
P1_ABM_PASSDEAL(Muneet)_GCC_EMAIL-LI_naveen_15May2026-SANJEEDA,Smartlead,P1_ABM_Gamification_OtherSegments_RealEstate_GCC_EMAIL_LI_NaveenRakesh_15MAY2026,72%
P1_ABM_PASSDEAL(Muneet)_GCC_EMAIL-LI_naveen_15May2026-SANJEEDA,Smartlead,P1_ABM_Gamification_OtherSegments_TechTelecom_GCC_EMAIL_LI_NaveenRakesh_15MAY2026,72%
P1_ABM_PASSDEAL(Muneet)_GCC_EMAIL-LI_naveen_15May2026-SANJEEDA,Smartlead,P1_ABM_Gamification_OtherSegments_Travel_GCC_EMAIL_LI_NaveenRakesh_15MAY2026,72%
P1_ABM_PASSDEAL(Muneet)_GCC_EMAIL-LI_naveen_15May2026-SANJEEDA,Smartlead,P1_ABM_BFSI_Solution 3: Plum — Rewards & Gifting Infrastructure _GCC_EMAIL-LI_naveen-mary-sanjeeda_22May2026 ,66%
P1_ABM_PASSDEAL(Muneet)_GCC_EMAIL-LI_naveen_15May2026-SANJEEDA,Smartlead,P1_ABM_BFSI_Solution 2: Empuls — Employee Rewards & Recognition _GCC_EMAIL-LI_naveen-mary-sanjeeda_22May2026,67%
P1_ABM_PASSDEAL(Muneet)_GCC_EMAIL-LI_naveen_15May2026-SANJEEDA,Smartlead,P1_ABM_BFSI_Solution 1: Gamification + Merchant-Funded Offers _GCC_EMAIL-LI_naveen-mary-sanjeeda_22May2026,70%
P1_ABM_PASSDEAL(Muneet)_GCC_EMAIL-LI_naveen_15May2026-SANJEEDA,Smartlead,P2_ABM_YGAG-PROCUREMENT_LEADERS_GCC_EMAIL-LI_naveen-mary-sanjeeda_22May2026,61%
P1_ABM_PASSDEAL(Muneet)_GCC_EMAIL-LI_naveen_15May2026-SANJEEDA,Smartlead,P2_ABM_YGAG_HR-LEADERS_GCC_EMAIL-LI_naveen-mary-sanjeeda_22May2026,61%
P1_ABM_PASSDEAL(Muneet)_GCC_EMAIL-LI_naveen_15May2026-SANJEEDA,HeyReach,P1_ABM_PASSDEAL(Muneet)_GCC_-LI_naveen,70%
P1_ABM_PASSDEAL(Muneet)_GCC_EMAIL-LI_naveen_15May2026-SANJEEDA,HeyReach,P1_ABM_EXCHANGE-COMPANIES_GCC_Email/LI_Nusrat-Sanjeeda,66%
P1_ABM_PASSDEAL(Muneet)_GCC_EMAIL-LI_naveen_15May2026-SANJEEDA,HeyReach,P1_ABM_DREAM_Procurement & Sourcing_GCC_EMAIL-LI_naveen,71%
P1_ABM_PASSDEAL(Muneet)_GCC_EMAIL-LI_naveen_15May2026-SANJEEDA,HeyReach,P2_ABM_YGAG-PROCUREMENT_LEADERS_GCC_EMAIL-LI_naveen-mary-sanjeeda_22May2026,61%
P1_ABM_PASSDEAL(Muneet)_GCC_EMAIL-LI_naveen_15May2026-SANJEEDA,HeyReach,P2_ABM_YGAG_HR-LEADERS_GCC_EMAIL-LI_naveen-mary-sanjeeda_22May2026,61%
P1_ABM_PrioritySegments_GCC_EMAIL_LI_NaveenRakesh_15May2026,Smartlead,P1_ABM_Gamification_OtherSegments_Government_GCC_EMAIL_LI_NaveenRakesh_15MAY2026,77%
P1_ABM_PrioritySegments_GCC_EMAIL_LI_NaveenRakesh_15May2026,Smartlead,P1_ABM_Gamification_OtherSegments_Healthcare_GCC_EMAIL_LI_NaveenRakesh_15MAY2026,77%
P1_ABM_PrioritySegments_GCC_EMAIL_LI_NaveenRakesh_15May2026,Smartlead,P1_ABM_Gamification_OtherSegments_Ecommerce_GCC_EMAIL_LI_NaveenRakesh_15MAY2026,77%
P1_ABM_PrioritySegments_GCC_EMAIL_LI_NaveenRakesh_15May2026,Smartlead,P1_ABM_Gamification_OtherSegments_Automotive_GCC_EMAIL_LI_NaveenRakesh_15MAY2026,77%
P1_ABM_PrioritySegments_GCC_EMAIL_LI_NaveenRakesh_15May2026,Smartlead,P1_ABM_Gamification_OtherSegments_Media_GCC_EMAIL_LI_NaveenRakesh_15MAY2026,78%
P1_ABM_PrioritySegments_GCC_EMAIL_LI_NaveenRakesh_15May2026,Smartlead,P1_ABM_Gamification_OtherSegments_Conglomerate_GCC_EMAIL_LI_NaveenRakesh_15MAY2026,77%
P1_ABM_PrioritySegments_GCC_EMAIL_LI_NaveenRakesh_15May2026,Smartlead,P1_ABM_Gamification_OtherSegments_RealEstate_GCC_EMAIL_LI_NaveenRakesh_15MAY2026,77%
P1_ABM_PrioritySegments_GCC_EMAIL_LI_NaveenRakesh_15May2026,Smartlead,P1_ABM_Gamification_OtherSegments_TechTelecom_GCC_EMAIL_LI_NaveenRakesh_15MAY2026,77%
P1_ABM_PrioritySegments_GCC_EMAIL_LI_NaveenRakesh_15May2026,Smartlead,P1_ABM_Gamification_OtherSegments_Travel_GCC_EMAIL_LI_NaveenRakesh_15MAY2026,78%
P1_ABM_PrioritySegments_GCC_EMAIL_LI_NaveenRakesh_15May2026,Smartlead,P1_ABM_PASSDEAL(Muneet)_GCC_EMAIL-LI_naveen,71%
P1_ABM_PrioritySegments_GCC_EMAIL_LI_NaveenRakesh_15May2026,Smartlead,P0_ABM_B1_PRTNGamificationConsumerBrands_GCC_EMAIL-LI_NaveenRakesh_19MAY26,63%
P1_ABM_PrioritySegments_GCC_EMAIL_LI_NaveenRakesh_15May2026,Smartlead,P0_ABM_B1_PRTNGamificationRETAIL_GCC_EMAIL-LI_NaveenRakesh_19MAY26,63%
P1_ABM_PrioritySegments_GCC_EMAIL_LI_NaveenRakesh_15May2026,Smartlead,P0_ABM_B1_PRTNGamificationFINTECH_GCC_EMAIL-LI_NaveenRakesh_19MAY26,63%
P1_ABM_PrioritySegments_GCC_EMAIL_LI_NaveenRakesh_15May2026,Smartlead,P0_ABM_B1_PRTNGamificationBFSI_GCC_EMAIL-LI_NaveenRakesh_19MAY26,63%
P1_ABM_PrioritySegments_GCC_EMAIL_LI_NaveenRakesh_15May2026,HeyReach,P1_ABM_DREAM_Procurement & Sourcing_GCC_EMAIL-LI_naveen,72%
P1_ABM_PrioritySegments_GCC_EMAIL_LI_NaveenRakesh_15May2026,HeyReach,P1_ABM_PASSDEAL(Muneet)_GCC_-LI_naveen,64%
P1_ABM_SMB_Hiring_arjita_19MAY26,Smartlead,P1_ABM_SMB_Hiring_HR_arjita_19MAY26,88%
P1_ABM_SMB_Hiring_arjita_19MAY26,HeyReach,P1_ABM_SMB_Hiring_SALES_arjita_19MAY26,88%
P1_ABM_SMB_Hiring_arjita_19MAY26,HeyReach,P1_ABM_SMB_Hiring_HR_arjita_19MAY26,88%
P1_ABM_SMB_Hiring_arjita_19MAY26,HeyReach,P1_ABM_SMB_DREAM_arjita_19MAY26,71%
P1_ABM_SMB_Hiring_arjita_19MAY26-HR,Smartlead,P1_ABM_SMB_Hiring_HR_arjita_19MAY26,95%
P1_ABM_SMB_Hiring_arjita_19MAY26-HR,HeyReach,P1_ABM_SMB_Hiring_HR_arjita_19MAY26,95%
P1_ABM_SMB_Hiring_arjita_19MAY26-HR,HeyReach,P1_ABM_SMB_Hiring_SALES_arjita_19MAY26,77%
P1_ABM_SMB_Hiring_arjita_19MAY26-HR,HeyReach,P1_ABM_SMB_DREAM_arjita_19MAY26,63%
P1_ABM_US_Advocacy Loyalty & Referrals-SELF_SANJEEDA,Smartlead,P1_ABM_US_Advocacy Loyalty & Referrals-SELF_SANJEEDA-Dormant,91%
P1_ABM_US_Advocacy Loyalty & Referrals-SELF_SANJEEDA,Smartlead,P1_ABM_US_Advocacy Loyalty & Referrals-SELF_SANJEEDA-Cold,91%
P1_ABM_US_Advocacy Loyalty & Referrals-SELF_SANJEEDA,HeyReach,P1_ABM_US_Advocacy Loyalty & Referrals-SELF_SANJEEDA-Dormant,91%
P1_ABM_US_Advocacy Loyalty & Referrals-SELF_SANJEEDA,HeyReach,P1_ABM_US_Advocacy Loyalty & Referrals-SELF_SANJEEDA-Cold,91%
P1_API_Cashback_Global_Email-LI,UNMATCHED,—,0%
P1_EVENTS_HR_Summit_Indonesia_EMAIL-LI_IMELDA-NEHA_,Smartlead,P1_EVENTS_HR_Summit_Indonesia_EMAIL-LI_IMELDA-NEHA_22Apr26,92%
P1_EVENTS_HR_Summit_Indonesia_EMAIL-LI_IMELDA-NEHA_,HeyReach,P1_EVENTS_HR_Summit_Indonesia_EMAIL-LI_IMELDA-NEHA_22Apr26,92%
P1_Events_PICUP Fintech _IND_EMAIL_WHATSAPP_VIKAS_23_APR_2026,UNMATCHED,—,0%
P1_Events_PostEVNT_MoneyAlpha_IND_EMAIL_WHATSAPP_VIKAS_24-25_APR_2026,Smartlead,P1_Events_PostEVNT_MoneyAlpha_IND_EMAIL_WHATSAPP_VIKAS_5May2026,77%
P1_EVNT_CarrotsStakesBengaluru_EMAIL_IND_RushabRakesh_18MAY26,Smartlead,P1_EVNT_CarrotsStakesBengaluru_EMAIL_IND_RushabRakesh_18MAY26,95%
P1_EVNT_CarrotsStakesBengaluru_EMAIL_IND_RushabRakesh_18MAY26,Smartlead,P1_EVNT_PosteventTIEChennai_EMAIL_IND_RushabRakesh_13FEB2026,73%
P1_EVNT_CarrotsStakesBengaluru_EMAIL_IND_RushabRakesh_18MAY26,Smartlead,P1_EVNT_PosteventCarrotStakes_EMAIL_Kenya_RushabRakesh_26MAR2026,69%
P1_EVNT_PosteventCarrotStakes_EMAIL_Kenya_RushabRakesh_26MAR2026,Smartlead,P1_EVNT_PosteventCarrotStakes_EMAIL_Kenya_RushabRakesh_26MAR2026,95%
P1_EVNT_PosteventCarrotStakes_EMAIL_Kenya_RushabRakesh_26MAR2026,Smartlead,P1_EVNT_CarrotsStakesBengaluru_EMAIL_IND_RushabRakesh_18MAY26,68%
P1_EVNT_PosteventCarrotStakes_EMAIL_Kenya_RushabRakesh_26MAR2026,Smartlead,P1_EVNT_PosteventTIEChennai_EMAIL_IND_RushabRakesh_13FEB2026,69%
P1_EVNT_PosteventTIEChennai_EMAIL_IND_RushabRakesh_13FEB2026,Smartlead,P1_EVNT_PosteventTIEChennai_EMAIL_IND_RushabRakesh_13FEB2026,95%
P1_EVNT_PosteventTIEChennai_EMAIL_IND_RushabRakesh_13FEB2026,Smartlead,P1_EVNT_CarrotsStakesBengaluru_EMAIL_IND_RushabRakesh_18MAY26,73%
P1_EVNT_PosteventTIEChennai_EMAIL_IND_RushabRakesh_13FEB2026,Smartlead,P1_EVNT_PosteventCarrotStakes_EMAIL_Kenya_RushabRakesh_26MAR2026,69%
P1_PRTN_DarwinboxClientsOutreach_AllGeo_EMAIL_LI_NicholesRakesh_2JUNE26,Smartlead,P1_PRTN_DarwinboxClientsOutreach_ROW_EMAIL_LI_NicholesRakesh_2JUNE26,80%
P1_PRTN_DarwinboxClientsOutreach_AllGeo_EMAIL_LI_NicholesRakesh_2JUNE26,Smartlead,P1_PRTN_DarwinboxClientsOutreach_UKEU_EMAIL_LI_NicholesRakesh_2JUNE26,80%
P1_PRTN_DarwinboxClientsOutreach_AllGeo_EMAIL_LI_NicholesRakesh_2JUNE26,Smartlead,P1_PRTN_DarwinboxClientsOutreach_US_EMAIL_LI_NicholesRakesh_2JUNE26,80%
P1_PRTN_DarwinboxClientsOutreach_AllGeo_EMAIL_LI_NicholesRakesh_2JUNE26,Smartlead,P1_PRTN_DarwinboxClientsOutreach_GCC_EMAIL_LI_NicholesRakesh_2JUNE26,80%
P1_PRTN_DarwinboxClientsOutreach_AllGeo_EMAIL_LI_NicholesRakesh_2JUNE26,Smartlead,P1_PRTN_DarwinboxClientsOutreach_SEA_EMAIL_LI_NicholesRakesh_2JUNE26,80%
P1_PRTN_DarwinboxClientsOutreach_AllGeo_EMAIL_LI_NicholesRakesh_2JUNE26,Smartlead,P1_PRTN_DarwinboxClientsOutreach_IND_EMAIL_LI_NicholesRakesh_2JUNE26,80%
P1_PRTN_DarwinboxClientsOutreach_AllGeo_EMAIL_LI_NicholesRakesh_2JUNE26,Smartlead,P1_PRTN_SAPAEClientoutreach_AUS_EMAIL_LI_NicholesRakesh_02JUN26,73%
P1_PRTN_DarwinboxClientsOutreach_AllGeo_EMAIL_LI_NicholesRakesh_2JUNE26,Smartlead,P1_PRTN_SAPClientListOutreach_EMAIL_SEA_NicholesRakesh_15JUN26,72%
P1_PRTN_DarwinboxClientsOutreach_AllGeo_EMAIL_LI_NicholesRakesh_2JUNE26,HeyReach,P1_PRTN_DarwinboxClientsOutreach_USA_EMAIL_LI_NicholesRakesh_2JUNE26,80%
P1_PRTN_DarwinboxClientsOutreach_AllGeo_EMAIL_LI_NicholesRakesh_2JUNE26,HeyReach,P1_PRTN_DarwinboxClientsOutreach_IND_EMAIL_LI_NicholesRakesh_2JUNE26,80%
P1_PRTN_DarwinboxClientsOutreach_AllGeo_EMAIL_LI_NicholesRakesh_2JUNE26,HeyReach,P1_PRTN_DarwinboxClientsOutreach_IND_Linkedin_NicholesRakesh_2JUNE26 1,68%
P1_PRTN_PartnercommunityOutreach_SalesforceLoyalty_AllGEO_EMAIL_LI_08JUN26,Smartlead,P1_PRTN_PartnercommunityOutreach_SalesforceLoyalty_APAC_EMAIL_LI_AmbikaRakesh_08JUN26,70%
P1_PRTN_PartnercommunityOutreach_SalesforceLoyalty_AllGEO_EMAIL_LI_08JUN26,Smartlead,P1_PRTN_PartnercommunityOutreach_SalesforceLoyalty_UKEU_EMAIL_LI_AmbikaRakesh_08JUN26,70%
P1_PRTN_PartnercommunityOutreach_SalesforceLoyalty_AllGEO_EMAIL_LI_08JUN26,Smartlead,P1_PRTN_PartnercommunityOutreach_SalesforceLoyalty_NA_EMAIL_LI_AmbikaRakesh_08JUN26,70%
P1_PRTN_PartnercommunityOutreach_SalesforceLoyalty_AllGEO_EMAIL_LI_08JUN26,Smartlead,P1_PRTN_PartnercommunityOutreach_SalesforceLoyalty_IND_EMAIL_LI_AmbikaRakesh_08JUN26,70%
P1_PRTN_PartnercommunityOutreach_SalesforceLoyalty_AllGEO_EMAIL_LI_08JUN26,Smartlead,P1_PRTN_PartnercommunityOutreach_SalesforceLoyalty_ROW_EMAIL_08JUN26,67%
P1_PRTN_PartnercommunityOutreach_SalesforceLoyalty_AllGEO_EMAIL_LI_08JUN26,HeyReach,P1_PRTN_PartnercommunityOutreach_SalesforceLoyalty_ROW_LI_AmbikaRakesh_08JUN26,60%
P1_PRTN_PartnercommunityOutreach_SalesforceLoyalty_AllGEO_EMAIL_LI_08JUN26,HeyReach,P1_PRTN_PartnercommunityOutreach_SalesforceLoyalty_APAC_LI_AmbikaRakesh_08JUN26,60%
P1_PRTN_PartnercommunityOutreach_SalesforceLoyalty_AllGEO_EMAIL_LI_08JUN26,HeyReach,P1_PRTN_PartnercommunityOutreach_SalesforceLoyalty_UKEU_LI_AmbikaRakesh_08JUN26,60%
P1_PRTN_PartnercommunityOutreach_SalesforceLoyalty_AllGEO_EMAIL_LI_08JUN26,HeyReach,P1_PRTN_PartnercommunityOutreach_SalesforceLoyalty_IND_LI_AmbikaRakesh_08JUN26,60%
P1_PRTN_PartnercommunityOutreach_SalesforceLoyalty_AllGEO_EMAIL_LI_08JUN26,HeyReach,P1_PRTN_PartnercommunityOutreach_SalesforceLoyalty_NA_LI_AmbikaRakesh_08JUN26,60%
P1_PRTN_SAPAEClientoutreach_AUS_EMAIL_LI_NicholesRakesh_02JUN26,Smartlead,P1_PRTN_SAPAEClientoutreach_AUS_EMAIL_LI_NicholesRakesh_02JUN26,95%
P1_PRTN_SAPAEClientoutreach_AUS_EMAIL_LI_NicholesRakesh_02JUN26,Smartlead,P1_PRTN_DarwinboxClientsOutreach_ROW_EMAIL_LI_NicholesRakesh_2JUNE26,66%
P1_PRTN_SAPAEClientoutreach_AUS_EMAIL_LI_NicholesRakesh_02JUN26,Smartlead,P1_PRTN_DarwinboxClientsOutreach_UKEU_EMAIL_LI_NicholesRakesh_2JUNE26,66%
P1_PRTN_SAPAEClientoutreach_AUS_EMAIL_LI_NicholesRakesh_02JUN26,Smartlead,P1_PRTN_DarwinboxClientsOutreach_US_EMAIL_LI_NicholesRakesh_2JUNE26,79%
P1_PRTN_SAPAEClientoutreach_AUS_EMAIL_LI_NicholesRakesh_02JUN26,Smartlead,P1_PRTN_DarwinboxClientsOutreach_GCC_EMAIL_LI_NicholesRakesh_2JUNE26,66%
P1_PRTN_SAPAEClientoutreach_AUS_EMAIL_LI_NicholesRakesh_02JUN26,Smartlead,P1_PRTN_DarwinboxClientsOutreach_SEA_EMAIL_LI_NicholesRakesh_2JUNE26,66%
P1_PRTN_SAPAEClientoutreach_AUS_EMAIL_LI_NicholesRakesh_02JUN26,Smartlead,P1_PRTN_DarwinboxClientsOutreach_IND_EMAIL_LI_NicholesRakesh_2JUNE26,66%
P1_PRTN_SAPAEClientoutreach_AUS_EMAIL_LI_NicholesRakesh_02JUN26,Smartlead,P0_PRTN_PeopleStrongClientsOutreach_Email_LI_AUS_NicholesRakesh_30MAY26,63%
P1_PRTN_SAPAEClientoutreach_AUS_EMAIL_LI_NicholesRakesh_02JUN26,Smartlead,P1_PRTN_SAPClientListOutreach_EMAIL_LI_AUS_NZ_NicholesRakeshJames_15JUN26,78%
P1_PRTN_SAPAEClientoutreach_AUS_EMAIL_LI_NicholesRakesh_02JUN26,Smartlead,P1_PRTN_SAPClientListOutreach_EMAIL_LI_AUS_NZ_NicholesRakeshBelinda_15JUN26,70%
P1_PRTN_SAPAEClientoutreach_AUS_EMAIL_LI_NicholesRakesh_02JUN26,Smartlead,P1_PRTN_SAPClientListOutreach_EMAIL_SEA_NicholesRakesh_15JUN26,66%
P1_PRTN_SAPAEClientoutreach_AUS_EMAIL_LI_NicholesRakesh_02JUN26,HeyReach,P1_PRTN_DarwinboxClientsOutreach_USA_EMAIL_LI_NicholesRakesh_2JUNE26,79%
P1_PRTN_SAPAEClientoutreach_AUS_EMAIL_LI_NicholesRakesh_02JUN26,HeyReach,P1_PRTN_DarwinboxClientsOutreach_IND_EMAIL_LI_NicholesRakesh_2JUNE26,66%
P1_PRTN_UKGReps_US_EMAIL_LI_YashRakesh_22MAY26,Smartlead,P1_PRTN_UKGRepsOutreach_US_EMAIL_LI_YashRakesh_21MAY26,80%
P1_PRTN_UKGReps_US_EMAIL_LI_YashRakesh_22MAY26,Smartlead,P1_PRTN_DarwinboxClientsOutreach_US_EMAIL_LI_NicholesRakesh_2JUNE26,67%
P1_PRTN_UKGReps_US_EMAIL_LI_YashRakesh_22MAY26,HeyReach,P1_PRTN_UKGReps_US_LI_YashRakesh_22MAY26,90%
P1_PRTNR_BambooHR_US_Email_Yash_27Apr26,Smartlead,P1_PRTNR_BambooHR_US_Email_Yash_27Apr26,95%
P2_ABM_BFSI-Stanbic_AFR_EMAIL-LI_Roshaan-Faith-Nimesh_01Jun2026-SANJEEDA,Smartlead,P2_ABM_BFSI-Stanbic_AFR_EMAIL-LI_Faith and Nimesh,69%
P2_ABM_BFSI-Stanbic_AFR_EMAIL-LI_Roshaan-Faith-Nimesh_01Jun2026-SANJEEDA,Smartlead,P2_ABM_BFSI-Stanbic_AFR_EMAIL-LI_Roshaan,74%
P2_ABM_BFSI-Stanbic_AFR_EMAIL-LI_Roshaan-Faith-Nimesh_01Jun2026-SANJEEDA,Smartlead,P2_ABM_BNPL_AFR_EMAIL-LI_Roshaan-Mary-Sanjeeda_EmbeddedBNPL-FR,72%
P2_ABM_BFSI-Stanbic_AFR_EMAIL-LI_Roshaan-Faith-Nimesh_01Jun2026-SANJEEDA,Smartlead,P2_ABM_BNPL_AFR_EMAIL-LI_Roshaan-Mary-Sanjeeda_PurePlay-FR,72%
P2_ABM_BFSI-Stanbic_AFR_EMAIL-LI_Roshaan-Faith-Nimesh_01Jun2026-SANJEEDA,Smartlead,P2_ABM_BNPL_AFR_EMAIL-LI_Roshaan-Mary-Sanjeeda_EmbeddedBNPL-EN,72%
P2_ABM_BFSI-Stanbic_AFR_EMAIL-LI_Roshaan-Faith-Nimesh_01Jun2026-SANJEEDA,Smartlead,P2_ABM_BNPL_AFR_EMAIL-LI_Roshaan-Mary-Sanjeeda_PurePlay-EN,72%
P2_ABM_BFSI-Stanbic_AFR_EMAIL-LI_Roshaan-Faith-Nimesh_01Jun2026-SANJEEDA,Smartlead,P1_ABM_BFSI-FIF_AFR_EMAIL-LI_roshaan_15May2026,61%
P2_ABM_BFSI-Stanbic_AFR_EMAIL-LI_Roshaan-Faith-Nimesh_01Jun2026-SANJEEDA,HeyReach,P2_ABM_BFSI-Stanbic_AFR_EMAIL-LI_Roshaan-_01Jun2026,78%
P2_ABM_BFSI-Stanbic_AFR_EMAIL-LI_Roshaan-Faith-Nimesh_01Jun2026-SANJEEDA,HeyReach,P2_ABM_BFSI-Stanbic_AFR_EMAIL-LI_NimeshSanjeeda-_01Jun2026,77%
P2_ABM_BFSI-Stanbic_AFR_EMAIL-LI_Roshaan-Faith-Nimesh_01Jun2026-SANJEEDA,HeyReach,P2_ABM_BNPL_AFR_EMAIL-LI_Roshaan-Mary-Sanjeeda_EmbeddedBNPL-EN,72%
P2_ABM_BFSI-Stanbic_AFR_EMAIL-LI_Roshaan-Faith-Nimesh_01Jun2026-SANJEEDA,HeyReach,P2_ABM_BNPL_AFR_EMAIL-LI_Roshaan-Mary-Sanjeeda_PurePlay-EN,72%
P2_ABM_BFSI-Stanbic_AFR_EMAIL-LI_Roshaan-Faith-Nimesh_01Jun2026-SANJEEDA,HeyReach,P1_ABM_BFSI_AFR_FIFA_EMAIL-LI_roshaan_15May2026,61%
P2_ABM_BNPL_AFR_EMAIL-LI_Roshaan - Mary_12May2026-SANJEEDA,Smartlead,P2_ABM_BNPL_AFR_EMAIL-LI_Roshaan-Mary-Sanjeeda_EmbeddedBNPL-FR,77%
P2_ABM_BNPL_AFR_EMAIL-LI_Roshaan - Mary_12May2026-SANJEEDA,Smartlead,P2_ABM_BNPL_AFR_EMAIL-LI_Roshaan-Mary-Sanjeeda_PurePlay-FR,77%
P2_ABM_BNPL_AFR_EMAIL-LI_Roshaan - Mary_12May2026-SANJEEDA,Smartlead,P2_ABM_BNPL_AFR_EMAIL-LI_Roshaan-Mary-Sanjeeda_EmbeddedBNPL-EN,77%
P2_ABM_BNPL_AFR_EMAIL-LI_Roshaan - Mary_12May2026-SANJEEDA,Smartlead,P2_ABM_BNPL_AFR_EMAIL-LI_Roshaan-Mary-Sanjeeda_PurePlay-EN,77%
P2_ABM_BNPL_AFR_EMAIL-LI_Roshaan - Mary_12May2026-SANJEEDA,Smartlead,P2_ABM_BFSI-Stanbic_AFR_EMAIL-LI_Roshaan,72%
P2_ABM_BNPL_AFR_EMAIL-LI_Roshaan - Mary_12May2026-SANJEEDA,Smartlead,P2_ABM_YGAG-PROCUREMENT_LEADERS_GCC_EMAIL-LI_naveen-mary-sanjeeda_22May2026,60%
P2_ABM_BNPL_AFR_EMAIL-LI_Roshaan - Mary_12May2026-SANJEEDA,Smartlead,P2_ABM_YGAG_HR-LEADERS_GCC_EMAIL-LI_naveen-mary-sanjeeda_22May2026,60%
P2_ABM_BNPL_AFR_EMAIL-LI_Roshaan - Mary_12May2026-SANJEEDA,Smartlead,P2_ABM_CUSTOM-AIDIGITAL_AFR_EMAIL_roshaan_18MAY26,61%
P2_ABM_BNPL_AFR_EMAIL-LI_Roshaan - Mary_12May2026-SANJEEDA,Smartlead,P2_ABM_CUSTOM-HRCONSULTING_AFR_EMAIL_roshaan_18MAY26,61%
P2_ABM_BNPL_AFR_EMAIL-LI_Roshaan - Mary_12May2026-SANJEEDA,Smartlead,P2_ABM_CUSTOM-ENERGY_AFR_EMAIL_roshaan_18MAY26,62%
P2_ABM_BNPL_AFR_EMAIL-LI_Roshaan - Mary_12May2026-SANJEEDA,Smartlead,P2_ABM_CUSTOM-TELECOM_AFR_EMAIL_roshaan_18MAY26,62%
P2_ABM_BNPL_AFR_EMAIL-LI_Roshaan - Mary_12May2026-SANJEEDA,Smartlead,P2_ABM_CUSTOM-FINTECH_AFR_EMAIL_roshaan_18MAY26,62%
P2_ABM_BNPL_AFR_EMAIL-LI_Roshaan - Mary_12May2026-SANJEEDA,Smartlead,P1_ABM_BFSI-FIF_AFR_EMAIL-LI_roshaan_15May2026,62%
P2_ABM_BNPL_AFR_EMAIL-LI_Roshaan - Mary_12May2026-SANJEEDA,HeyReach,P2_ABM_BNPL_AFR_EMAIL-LI_Roshaan-Mary-Sanjeeda_EmbeddedBNPL-EN,77%
P2_ABM_BNPL_AFR_EMAIL-LI_Roshaan - Mary_12May2026-SANJEEDA,HeyReach,P2_ABM_BNPL_AFR_EMAIL-LI_Roshaan-Mary-Sanjeeda_PurePlay-EN,77%
P2_ABM_BNPL_AFR_EMAIL-LI_Roshaan - Mary_12May2026-SANJEEDA,HeyReach,P2_ABM_BFSI-Stanbic_AFR_EMAIL-LI_Roshaan-_01Jun2026,73%
P2_ABM_BNPL_AFR_EMAIL-LI_Roshaan - Mary_12May2026-SANJEEDA,HeyReach,P2_ABM_YGAG-PROCUREMENT_LEADERS_GCC_EMAIL-LI_naveen-mary-sanjeeda_22May2026,60%
P2_ABM_BNPL_AFR_EMAIL-LI_Roshaan - Mary_12May2026-SANJEEDA,HeyReach,P2_ABM_YGAG_HR-LEADERS_GCC_EMAIL-LI_naveen-mary-sanjeeda_22May2026,60%
P2_ABM_BNPL_AFR_EMAIL-LI_Roshaan - Mary_12May2026-SANJEEDA,HeyReach,P2_ABM_BFSI-Stanbic_AFR_EMAIL-LI_NimeshSanjeeda-_01Jun2026,71%
P2_ABM_BNPL_AFR_EMAIL-LI_Roshaan - Mary_12May2026-SANJEEDA,HeyReach,P1_ABM_BFSI_AFR_FIFA_EMAIL-LI_roshaan_15May2026,62%
P2_ABM_CAM-EMPULS_KSA_EMAIL-LI_zoya_18May2026-SANJEEDA,Smartlead,P2_ABM_CAM-EMPULS_KSA_EMAIL-LI_zoya-zoya,82%
P2_ABM_CAM-EMPULS_KSA_EMAIL-LI_zoya_18May2026-SANJEEDA,Smartlead,P2_ABM_CAM-EMPULS_KSA_EMAIL-LI_zoya-influencers,74%
P2_ABM_CAM-EMPULS_KSA_EMAIL-LI_zoya_18May2026-SANJEEDA,Smartlead,P2_ABM_CAM-EMPULS_KSA_EMAIL-LI_zoya-dm,78%
P2_ABM_CAM-EMPULS_KSA_EMAIL-LI_zoya_18May2026-SANJEEDA,Smartlead,P2_ABM_CAM-EMPULS_KSA_EMAIL-LI_zoya-abhishek,77%
P2_ABM_CAM-EMPULS_KSA_EMAIL-LI_zoya_18May2026-SANJEEDA,Smartlead,P1_ABM_BFSI-FIFA_KSA_EMAIL-LI_zoya_18May2026,60%
P2_ABM_CAM-EMPULS_KSA_EMAIL-LI_zoya_18May2026-SANJEEDA,HeyReach,P2_ABM_CAM-EMPULS_KSA_EMAIL-LI_zoya-influencers,74%
P2_ABM_CAM-EMPULS_KSA_EMAIL-LI_zoya_18May2026-SANJEEDA,HeyReach,P2_ABM_CAM-EMPULS_KSA_EMAIL-LI_zoya-DM,78%
P2_ABM_CAM-EMPULS_KSA_EMAIL-LI_zoya_18May2026-SANJEEDA,HeyReach,P1_ABM_BFSI-FIFA_KSA_EMAIL-LI_zoya_18May2026,60%
P2_ABM_CUSTOM-ADA's LIST_PHL_EMAIL_VikasKakkarNaitik_08June2026,Smartlead,P2_ABM_CUSTOM-ADA's LIST_PHL_EMAIL_VikasKakkarNaitik_08June2026,95%
P2_ABM_CUSTOM-ADA's LIST_PHL_EMAIL_VikasKakkarNaitik_08June2026,Smartlead,P2_ABM_CUSTOM-ADA's LIST(Managers)_PHL_EMAIL_VikasKakkarNaitik_08June2026,92%
P2_ABM_CUSTOM-SA_AFR_EMAIL-LI_roshaan_21May2026,Smartlead,P2_ABM_BFSI-Stanbic_AFR_EMAIL-LI_Roshaan,69%
P2_ABM_CUSTOM-SA_AFR_EMAIL-LI_roshaan_21May2026,Smartlead,P2_ABM_CUSTOM-AIDIGITAL_AFR_EMAIL_roshaan_18MAY26,71%
P2_ABM_CUSTOM-SA_AFR_EMAIL-LI_roshaan_21May2026,Smartlead,P2_ABM_CUSTOM-HRCONSULTING_AFR_EMAIL_roshaan_18MAY26,70%
P2_ABM_CUSTOM-SA_AFR_EMAIL-LI_roshaan_21May2026,Smartlead,P2_ABM_CUSTOM-ENERGY_AFR_EMAIL_roshaan_18MAY26,71%
P2_ABM_CUSTOM-SA_AFR_EMAIL-LI_roshaan_21May2026,Smartlead,P2_ABM_CUSTOM-TELECOM_AFR_EMAIL_roshaan_18MAY26,71%
P2_ABM_CUSTOM-SA_AFR_EMAIL-LI_roshaan_21May2026,Smartlead,P2_ABM_CUSTOM-FINTECH_AFR_EMAIL_roshaan_18MAY26,71%
P2_ABM_CUSTOM-SA_AFR_EMAIL-LI_roshaan_21May2026,Smartlead,P2_ABM_BNPL_AFR_EMAIL-LI_Roshaan-Mary-Sanjeeda_EmbeddedBNPL-FR,66%
P2_ABM_CUSTOM-SA_AFR_EMAIL-LI_roshaan_21May2026,Smartlead,P2_ABM_BNPL_AFR_EMAIL-LI_Roshaan-Mary-Sanjeeda_PurePlay-FR,66%
P2_ABM_CUSTOM-SA_AFR_EMAIL-LI_roshaan_21May2026,Smartlead,P2_ABM_BNPL_AFR_EMAIL-LI_Roshaan-Mary-Sanjeeda_EmbeddedBNPL-EN,66%
P2_ABM_CUSTOM-SA_AFR_EMAIL-LI_roshaan_21May2026,Smartlead,P2_ABM_BNPL_AFR_EMAIL-LI_Roshaan-Mary-Sanjeeda_PurePlay-EN,66%
P2_ABM_CUSTOM-SA_AFR_EMAIL-LI_roshaan_21May2026,HeyReach,P2_ABM_BFSI-Stanbic_AFR_EMAIL-LI_Roshaan-_01Jun2026,69%
P2_ABM_CUSTOM-SA_AFR_EMAIL-LI_roshaan_21May2026,HeyReach,P2_ABM_BNPL_AFR_EMAIL-LI_Roshaan-Mary-Sanjeeda_EmbeddedBNPL-EN,66%
P2_ABM_CUSTOM-SA_AFR_EMAIL-LI_roshaan_21May2026,HeyReach,P2_ABM_BNPL_AFR_EMAIL-LI_Roshaan-Mary-Sanjeeda_PurePlay-EN,66%
P2_ABM_CUSTOM-YGAG_GCC_EMAIL-LI_naveen-mary_22May2026-SANJEEDA,Smartlead,P2_ABM_YGAG-PROCUREMENT_LEADERS_GCC_EMAIL-LI_naveen-mary-sanjeeda_22May2026,79%
P2_ABM_CUSTOM-YGAG_GCC_EMAIL-LI_naveen-mary_22May2026-SANJEEDA,Smartlead,P2_ABM_YGAG_HR-LEADERS_GCC_EMAIL-LI_naveen-mary-sanjeeda_22May2026,79%
P2_ABM_CUSTOM-YGAG_GCC_EMAIL-LI_naveen-mary_22May2026-SANJEEDA,Smartlead,P2_ABM_YGAG_Marketing Leader_GCC_EMAIL-LI_naveen-mary_22May2026,69%
P2_ABM_CUSTOM-YGAG_GCC_EMAIL-LI_naveen-mary_22May2026-SANJEEDA,Smartlead,P2_ABM_BNPL_AFR_EMAIL-LI_Roshaan-Mary-Sanjeeda_EmbeddedBNPL-FR,60%
P2_ABM_CUSTOM-YGAG_GCC_EMAIL-LI_naveen-mary_22May2026-SANJEEDA,Smartlead,P2_ABM_BNPL_AFR_EMAIL-LI_Roshaan-Mary-Sanjeeda_PurePlay-FR,61%
P2_ABM_CUSTOM-YGAG_GCC_EMAIL-LI_naveen-mary_22May2026-SANJEEDA,Smartlead,P2_ABM_BNPL_AFR_EMAIL-LI_Roshaan-Mary-Sanjeeda_EmbeddedBNPL-EN,60%
P2_ABM_CUSTOM-YGAG_GCC_EMAIL-LI_naveen-mary_22May2026-SANJEEDA,Smartlead,P2_ABM_BNPL_AFR_EMAIL-LI_Roshaan-Mary-Sanjeeda_PurePlay-EN,61%
P2_ABM_CUSTOM-YGAG_GCC_EMAIL-LI_naveen-mary_22May2026-SANJEEDA,HeyReach,P2_ABM_YGAG-PROCUREMENT_LEADERS_GCC_EMAIL-LI_naveen-mary-sanjeeda_22May2026,79%
P2_ABM_CUSTOM-YGAG_GCC_EMAIL-LI_naveen-mary_22May2026-SANJEEDA,HeyReach,P2_ABM_YGAG_HR-LEADERS_GCC_EMAIL-LI_naveen-mary-sanjeeda_22May2026,79%
P2_ABM_CUSTOM-YGAG_GCC_EMAIL-LI_naveen-mary_22May2026-SANJEEDA,HeyReach,P2_ABM_YGAG_Marketing Leader_GCC_EMAIL-LI_naveen-mary_22May2026,69%
P2_ABM_CUSTOM-YGAG_GCC_EMAIL-LI_naveen-mary_22May2026-SANJEEDA,HeyReach,P2_ABM_BNPL_AFR_EMAIL-LI_Roshaan-Mary-Sanjeeda_EmbeddedBNPL-EN,60%
P2_ABM_CUSTOM-YGAG_GCC_EMAIL-LI_naveen-mary_22May2026-SANJEEDA,HeyReach,P2_ABM_BNPL_AFR_EMAIL-LI_Roshaan-Mary-Sanjeeda_PurePlay-EN,61%
P2_ABM_Retail-Loc>25_Hiring-Sales_Channel-Partner-Sanjeeda,Smartlead,P2_ABM_Retail-Loc_25_Hiring-Sales_Channel-Partner_Retail,92%
P2_ABM_Retail-Loc>25_Hiring-Sales_Channel-Partner-Sanjeeda,Smartlead,P2_ABM_Retail-Loc_25_Hiring-Sales_Channel-Partner_Auto,84%
P2_ABM_Retail-Loc>25_Hiring-Sales_Channel-Partner-Sanjeeda,Smartlead,P2_ABM_Retail-Loc_25_Hiring-Sales_Channel-Partner_Banking,84%
P2_EVENT_POSTEVENT_Ahaar ITPO_IND_VikasSanjeeda,UNMATCHED,—,0%
P2_EVENT_POSTEVNT_GCC_CONCLAVE_IND_EMAIL-LI-WP_vikas-SANJEEDA,Smartlead,P2_EVENT_POSTEVNT_GCC_CONCLAVE_IND_EMAIL-LI-WP_vikas_sanjeeda,95%
P2_EVENTS_BFSI_AFR_EMAIL_roshaanMahima_07MAY2026_,Smartlead,P2_EVENTS_BFSI_AFR_EMAIL_roshaanMahima_07MAY2026_,95%
P2_EVENTS_BFSI_AFR_EMAIL_roshaanMahima_07MAY2026_,Smartlead,P2_ABM_BFSI-Stanbic_AFR_EMAIL-LI_Roshaan,63%
P2_EVENTS_POSTEVENT-WOMENWHOLEAD_KSA_EMAIL-LI_zoya_08May2026,Smartlead,P2_EVENTS_POSTEVENT_KSA_women who lead_EMAIL-LI_zoya_08May2026,77%
P2_EVENTS_POSTEVENT-WOMENWHOLEAD_KSA_EMAIL-LI_zoya_08May2026,Smartlead,P2_ABM_CAM-EMPULS_KSA_EMAIL-LI_zoya-zoya,63%
P2_EVENTS_POSTEVENT-WOMENWHOLEAD_KSA_EMAIL-LI_zoya_08May2026,Smartlead,P2_ABM_CAM-EMPULS_KSA_EMAIL-LI_zoya-influencers,62%
P2_EVENTS_POSTEVENT-WOMENWHOLEAD_KSA_EMAIL-LI_zoya_08May2026,Smartlead,P2_ABM_CAM-EMPULS_KSA_EMAIL-LI_zoya-dm,63%
P2_EVENTS_POSTEVENT-WOMENWHOLEAD_KSA_EMAIL-LI_zoya_08May2026,Smartlead,P2_ABM_CAM-EMPULS_KSA_EMAIL-LI_zoya-abhishek,63%
P2_EVENTS_POSTEVENT-WOMENWHOLEAD_KSA_EMAIL-LI_zoya_08May2026,HeyReach,P2_ABM_CAM-EMPULS_KSA_EMAIL-LI_zoya-influencers,62%
P2_EVENTS_POSTEVENT-WOMENWHOLEAD_KSA_EMAIL-LI_zoya_08May2026,HeyReach,P2_ABM_CAM-EMPULS_KSA_EMAIL-LI_zoya-DM,63%
P2_EVNT_BharatFintechSummit_EMAIL_NehaRakesh_02JUN26,Smartlead,P2_EVNT_BharatFintechSummit_EMAIL_NehaRakesh_02JUN26,95%
P2_EVNT_BharatFintechSummit_EMAIL_NehaRakesh_02JUN26,Smartlead,P2_EVNT_CnSRiyadh_KSA_EMAIL_NehaRakesh_4FEB2026,69%
P2_EVNT_BharatFintechSummit_EMAIL_NehaRakesh_02JUN26,Smartlead,P2_EVNT_ETFutureForwardDubai_EMAIL_GCC_NehaRakesh_17APR26,68%
P2_EVNT_BharatFintechSummit_EMAIL_NehaRakesh_02JUN26,Smartlead,P2_EVNT_PostEvntCarrotsStakesQ2HR_EMAIL_PHL_NehaRakesh_10MAR2026,68%
P2_EVNT_CnSRiyadh_EMAIL_NehaRakesh_4FEB2026,Smartlead,P2_EVNT_CnSRiyadh_KSA_EMAIL_NehaRakesh_4FEB2026,88%
P2_EVNT_CnSRiyadh_EMAIL_NehaRakesh_4FEB2026,Smartlead,P2_EVNT_BharatFintechSummit_EMAIL_NehaRakesh_02JUN26,70%
P2_EVNT_CnSRiyadh_EMAIL_NehaRakesh_4FEB2026,Smartlead,P2_EVNT_ETFutureForwardDubai_EMAIL_GCC_NehaRakesh_17APR26,68%
P2_EVNT_CnSRiyadh_EMAIL_NehaRakesh_4FEB2026,Smartlead,P2_EVNT_PostEvntCarrotsStakesQ2HR_EMAIL_PHL_NehaRakesh_10MAR2026,69%
P2_EVNT_ETFutureForwardDubai_EMAIL_GCC_NehaRakesh_17APR26,Smartlead,P2_EVNT_ETFutureForwardDubai_EMAIL_GCC_NehaRakesh_17APR26,95%
P2_EVNT_ETFutureForwardDubai_EMAIL_GCC_NehaRakesh_17APR26,Smartlead,P2_EVNT_BharatFintechSummit_EMAIL_NehaRakesh_02JUN26,61%
P2_EVNT_ETFutureForwardDubai_EMAIL_GCC_NehaRakesh_17APR26,Smartlead,P2_EVNT_CnSRiyadh_KSA_EMAIL_NehaRakesh_4FEB2026,61%
P2_EVNT_ETFutureForwardDubai_EMAIL_GCC_NehaRakesh_17APR26,Smartlead,P2_EVNT_PostEvntCarrotsStakesQ2HR_EMAIL_PHL_NehaRakesh_10MAR2026,61%
P2_EVNT_PostEvntCarrotsStakesQ2HR_EMAIL_PHL_NehaRakesh_10MAR2026,Smartlead,P2_EVNT_PostEvntCarrotsStakesQ2HR_EMAIL_PHL_NehaRakesh_10MAR2026,95%
P2_EVNT_PostEvntCarrotsStakesQ2HR_EMAIL_PHL_NehaRakesh_10MAR2026,Smartlead,P2_EVNT_BharatFintechSummit_EMAIL_NehaRakesh_02JUN26,68%
P2_EVNT_PostEvntCarrotsStakesQ2HR_EMAIL_PHL_NehaRakesh_10MAR2026,Smartlead,P2_EVNT_CnSRiyadh_KSA_EMAIL_NehaRakesh_4FEB2026,69%
P2_EVNT_PostEvntCarrotsStakesQ2HR_EMAIL_PHL_NehaRakesh_10MAR2026,Smartlead,P2_EVNT_ETFutureForwardDubai_EMAIL_GCC_NehaRakesh_17APR26,68%
P2_EVNT_PREEVNT_FinTech Symposium_EMAIL_SanjeedaShameel_20thMay,Smartlead,P2_EVNT_PREEVNT_FinTech Symposium_EMAIL_SanjeedaShameel_20thMay,95%
P2_EVNT_PREEVNT_FinTech Symposium_EMAIL_SanjeedaShameel_20thMay,Smartlead,P2_EVNT_PREEVNT_SalesforceConnections_EMAIL_SanjeedaShameel_20thMay,72%
P2_EVNT_PREEVNT_SalesforceConnections_EMAIL_SanjeedaShameel_20thMay,Smartlead,P2_EVNT_PREEVNT_SalesforceConnections_EMAIL_SanjeedaShameel_20thMay,95%
P2_EVNT_PREEVNT_SalesforceConnections_EMAIL_SanjeedaShameel_20thMay,Smartlead,P2_EVNT_PREEVNT_FinTech Symposium_EMAIL_SanjeedaShameel_20thMay,72%
P2_EVNTS_POSTEVENT_CHROCONFEX_IND_EMAIL-WP-LI_VikasSanjeeda17apr2026,Smartlead,P2_EVNTS_PREEVENTCHROCONFEX_IND_EMAIL_VikasSanjeeda16Apr2026,67%
P2_EVNTS_PREEVENTCHRO CONFEX_IND_EMAIL-LI-WP_VikasSanjeeda16Apr2026,Smartlead,P2_EVNTS_PREEVENTCHROCONFEX_IND_EMAIL_VikasSanjeeda16Apr2026,68%
P2_HUNTING_CS&CX_US_EMAIL_AUSTIN,Smartlead,P2_HUNTING_CS&CX_US_EMAIL_AUSTIN,95%
P2_PTNR_RESELLER_US_CONSULTING_US_ASHWIN_22APR,Smartlead,P2_PTNR_RESELLER_US_CONSULTING_US_ASHWIN_22APR,95%
P2_SAP Customers_US_YashSanj_7May,Smartlead,P2_SAP Customers_US_YashSanj_7May,95%
P2_US_Srinidhi - Plum Outreach - SMB/Mid Market - email_Sanjeeda,Smartlead,P2_ Srinidhi - Plum Outreach - SMB/Mid Market - Sanjeeda,82%
P2_US_Srinidhi - Plum Outreach - SMB/Mid Market - email_Sanjeeda,Smartlead,Srinidhi - Plum Outreach - SMB/Mid Market,60%
P3_ABM_CHRO&CPO_EMAIL_20APR,Smartlead,P3_ABM_CHRO&CPO_EMAIL_20APR - FINAL,88%
P3_ABM_COMPASS_INDIA_20APR,UNMATCHED,—,0%
P3_ABM_FINTECH_LOYALIFE_21APR-sanjeeda,Smartlead,P3_ABM_FINTECH_LOYALIFE_21APR,85%
P3_ABM_SrinidhiCAM Accounts_US_EmailLI_SrinidhiMahima_29Apr26,Smartlead,P3_ABM_SrinidhiCAM Accounts_US_EmailLI_SrinidhiMahima_29Apr26,95%
P3_ABM_SrinidhiCAM Accounts_US_EmailLI_SrinidhiMahima_29Apr26,HeyReach,P3_ABM_SrinidhiCAM Accounts_US_EmailLI_SrinidhiMahima_29Apr26,95%
P3_ENT_INDUSTRY_EMPULS-SANJEEDA,UNMATCHED,—,0%
P3_PRTNR_SAPCUSTOMER_US_Email_AmyMahima17Apr2026,Smartlead,P3_PRTNR_SAPCUSTOMER_US_Email_AmyMahima17Apr2026,95%
Passive Deals Reachout - API,UNMATCHED,—,0%
Plum -  Indonesia - Dream 2026 (Imelda),UNMATCHED,—,0%
PO_Events_Fintechmeetup_PostEvent_US_Email_Shameel_06may2026,Smartlead,PO_Events_Fintechmeetup_PostEvent_US_Email_ShameelMahima_07may2026,60%
PO_Events_Fintechmeetup_PostEvent_US_Email_Shameel_06may2026,Smartlead,PO_Events_PostEventNAHRES_US_Email_ShameelMahima_7may26,60%
PO_Events_PostEvent_HRtransform_US_Email_ShameelNaitik_01june2026,Smartlead,PO_Events_PostEvent_HRtransform_US_Email_ShameelNaitik_01june2026,95%
PO_Events_PostEvent_HRtransform_US_Email_ShameelNaitik_01june2026,Smartlead,PO_Events_PostEventNAHRES_US_Email_ShameelMahima_7may26,60%
PO_Events_PostEvent_Unleash_US_Email_Shameel_06may2026,Smartlead,PO_Events_PostEvent_HRtransform_US_Email_ShameelNaitik_01june2026,60%
PO_Events_PostEvent_Unleash_US_Email_Shameel_06may2026,Smartlead,PO_Events_Fintechmeetup_PostEvent_US_Email_ShameelMahima_07may2026,60%
PO_Events_PostEvent_Unleash_US_Email_Shameel_06may2026,Smartlead,PO_Events_PostEventNAHRES_US_Email_ShameelMahima_7may26,62%
PO_Events_PostEvent_US_Email_Shameel_06may2026,Smartlead,PO_Events_PostEvent_HRtransform_US_Email_ShameelNaitik_01june2026,60%
PO_Events_PostEvent_US_Email_Shameel_06may2026,Smartlead,PO_Events_Fintechmeetup_PostEvent_US_Email_ShameelMahima_07may2026,61%
PO_Events_PostEvent_US_Email_Shameel_06may2026,Smartlead,PO_Events_PostEventNAHRES_US_Email_ShameelMahima_7may26,62%
PO_Events_PostEventHRTRANSFORM_US_Email_Shameel_06may2026,Smartlead,PO_Events_PostEventNAHRES_US_Email_ShameelMahima_7may26,61%
PO_Events_PostEventHRTRANSFORM_US_Email_Shameel_06may2026,Smartlead,PO_Events_PostEvent_HRtransform_US_Email_ShameelNaitik_01june2026,63%
PO_Events_PostEventHRTRANSFORM_US_Email_Shameel_06may2026,Smartlead,PO_Events_Fintechmeetup_PostEvent_US_Email_ShameelMahima_07may2026,60%
PO_Events_PostEventNAHRES_US_Email_Shameel_006may2026,Smartlead,PO_Events_PostEvent_HRtransform_US_Email_ShameelNaitik_01june2026,61%
PO_Events_PostEventNAHRES_US_Email_Shameel_006may2026,Smartlead,PO_Events_Fintechmeetup_PostEvent_US_Email_ShameelMahima_07may2026,60%
PO_Events_PostEventTRANSFORMCHRO_US_Email_Shameel_6may2026,Smartlead,PO_Events_PostEventNAHRES_US_Email_ShameelMahima_7may26,61%
PO_Events_PostEventTRANSFORMCHRO_US_Email_Shameel_6may2026,Smartlead,PO_Events_PostEvent_HRtransform_US_Email_ShameelNaitik_01june2026,62%
PO_Events_PostEventUnleash_US_Email_Shameel_5may2026,Smartlead,PO_Events_PostEventNAHRES_US_Email_ShameelMahima_7may26,62%
PO_Events_PostEventUnleash_US_Email_Shameel_5may2026,Smartlead,PO_Events_PostEvent_HRtransform_US_Email_ShameelNaitik_01june2026,60%
PO_Events_PostEventUnleash_US_Email_Shameel_5may2026,Smartlead,PO_Events_Fintechmeetup_PostEvent_US_Email_ShameelMahima_07may2026,60%
PO_EVENTS_SIGHTPLUS_IND_EMAIL_LINKEDIN_WHATSAPP_VIKAS_02_MAY_2026-SANJEEDA,UNMATCHED,—,0%
PO_Events_UnleashSpeaker_PostEvent_US_Email_Shameel_6May2026,Smartlead,PO_Events_Fintechmeetup_PostEvent_US_Email_ShameelMahima_07may2026,60%
PO_Events_UnleashSpeaker_PostEvent_US_Email_Shameel_6May2026,Smartlead,PO_Events_PostEventNAHRES_US_Email_ShameelMahima_7may26,60%
PO_EVNT_PostEventAttendeelist_WorldatWork_US_EMAIL_ShameelRakesh_08May2026,Smartlead,PO_EVNT_PostEventAttendeelist_WorldatWork_US_EMAIL_ShameelRakesh_08May2026,95%
PO_EVNT_PostEventAttendeelist_WorldatWork_US_EMAIL_ShameelRakesh_08May2026,Smartlead,PO_EVNT_DuringEventAttendeelistNAA_US_Email_LI_ShameelRakesh_8JUN2026,64%
PO_EVNT_PostEventAttendeelist_WorldatWork_US_EMAIL_ShameelRakesh_08May2026,Smartlead,PO_EVNT_PreEventCnSLA_US_Email_LI_ShameelRakesh_06may2026,63%
PO_EVNT_PostEventAttendeelist_WorldatWork_US_EMAIL_ShameelRakesh_08May2026,Smartlead,PO_EVNT_PreEventAttendeelistNAA_US_Email_LI_ShameelRakesh_8JUN2026,64%
PO_EVNT_PostEventAttendeelist_WorldatWork_US_EMAIL_ShameelRakesh_08May2026,Smartlead,PO_EVNT_PostEventUnleash_US_EMAIL_LI_ShameelRakesh_06MAY2026,63%
PO_EVNT_PreEventAttendeelistNAA_US_Email_LI_ShameelRakesh_8JUN2026,Smartlead,PO_EVNT_PreEventAttendeelistNAA_US_Email_LI_ShameelRakesh_8JUN2026,95%
PO_EVNT_PreEventAttendeelistNAA_US_Email_LI_ShameelRakesh_8JUN2026,Smartlead,PO_EVNT_DuringEventAttendeelistNAA_US_Email_LI_ShameelRakesh_8JUN2026,80%
PO_EVNT_PreEventAttendeelistNAA_US_Email_LI_ShameelRakesh_8JUN2026,Smartlead,PO_EVNT_PreEventCnSLA_US_Email_LI_ShameelRakesh_06may2026,60%
PO_EVNT_PreEventAttendeelistNAA_US_Email_LI_ShameelRakesh_8JUN2026,Smartlead,PO_EVNT_PreeventSHRMLocalList_US_Email_LI_ShameelRakesh_06may2026,60%
PO_EVNT_PreEventAttendeelistNAA_US_Email_LI_ShameelRakesh_8JUN2026,Smartlead,PO_EVNT_PostEventUnleash_US_EMAIL_LI_ShameelRakesh_06MAY2026,60%
PO_EVNT_PreEventAttendeelistNAA_US_Email_LI_ShameelRakesh_8JUN2026,Smartlead,PO_EVNT_PostEventAttendeelist_WorldatWork_US_EMAIL_ShameelRakesh_08May2026,64%
PO_EVNT_PreEventCnSLA_US_Email_LI_ShameelRakesh_06may2026,Smartlead,PO_EVNT_PreEventCnSLA_US_Email_LI_ShameelRakesh_06may2026,95%
PO_EVNT_PreEventCnSLA_US_Email_LI_ShameelRakesh_06may2026,Smartlead,PO_EVNT_PreeventSHRMLocalList_US_Email_LI_ShameelRakesh_06may2026,80%
PO_EVNT_PreEventCnSLA_US_Email_LI_ShameelRakesh_06may2026,Smartlead,PO_EVNT_PostEventUnleash_US_EMAIL_LI_ShameelRakesh_06MAY2026,80%
PO_EVNT_PreEventCnSLA_US_Email_LI_ShameelRakesh_06may2026,Smartlead,PO_EVNT_DuringEventAttendeelistNAA_US_Email_LI_ShameelRakesh_8JUN2026,60%
PO_EVNT_PreEventCnSLA_US_Email_LI_ShameelRakesh_06may2026,Smartlead,PO_EVNT_PreEventAttendeelistNAA_US_Email_LI_ShameelRakesh_8JUN2026,60%
PO_EVNT_PreEventCnSLA_US_Email_LI_ShameelRakesh_06may2026,Smartlead,PO_EVNT_PreEventSalesforce_US_Email_ShameelRakesh_25may2026,60%
PO_EVNT_PreEventCnSLA_US_Email_LI_ShameelRakesh_06may2026,Smartlead,PO_EVNT_PostEventAttendeelist_WorldatWork_US_EMAIL_ShameelRakesh_08May2026,64%
PO_EVNT_PreEventSalesforce_US_Email_ShameelRakesh_25may2026,Smartlead,PO_EVNT_PreEventSalesforce_US_Email_ShameelRakesh_25may2026,95%
PO_EVNT_PreEventSalesforce_US_Email_ShameelRakesh_25may2026,Smartlead,PO_EVNT_PreEventCnSLA_US_Email_LI_ShameelRakesh_06may2026,60%
PO_EVNT_PreeventSHRMLocalList_US_Email_LI_ShameelRakesh_06may2026,Smartlead,PO_EVNT_PreeventSHRMLocalList_US_Email_LI_ShameelRakesh_06may2026,95%
PO_EVNT_PreeventSHRMLocalList_US_Email_LI_ShameelRakesh_06may2026,Smartlead,PO_EVNT_PreEventCnSLA_US_Email_LI_ShameelRakesh_06may2026,80%
PO_EVNT_PreeventSHRMLocalList_US_Email_LI_ShameelRakesh_06may2026,Smartlead,PO_EVNT_PostEventUnleash_US_EMAIL_LI_ShameelRakesh_06MAY2026,80%
PO_EVNT_PreeventSHRMLocalList_US_Email_LI_ShameelRakesh_06may2026,Smartlead,PO_EVNT_DuringEventAttendeelistNAA_US_Email_LI_ShameelRakesh_8JUN2026,60%
PO_EVNT_PreeventSHRMLocalList_US_Email_LI_ShameelRakesh_06may2026,Smartlead,PO_EVNT_PreEventAttendeelistNAA_US_Email_LI_ShameelRakesh_8JUN2026,60%
PO_EVNTS_POSTEVNT_QuirksAttendees_Email_ShameelSanjeeda28Apr2026 ,Smartlead,PO_EVNTS_POSTEVNT_QuirksAttendees_Email_ShameelSanjeeda28Apr2026 ,95%
PO_EVNTS_POSTEVNT_QuirksAttendees_Email_ShameelSanjeeda28Apr2026 ,Smartlead,PO_EVNTS_POSTEVNT_QuirksSpeaker_Email_ShameelSanjeeda28Apr2026 ,71%
PO_EVNTS_POSTEVNT_QuirksSpeakerList-Email_ShameelSanjeeda28Apr2026,Smartlead,PO_EVNTS_POSTEVNT_QuirksAttendees_Email_ShameelSanjeeda28Apr2026 ,71%
PO_EVNTS_POSTEVNT_QuirksSpeakerList-Email_ShameelSanjeeda28Apr2026,Smartlead,PO_EVNTS_POSTEVNT_QuirksSpeaker_Email_ShameelSanjeeda28Apr2026 ,71%
PO_POSTEVENT_SHRM - orlando-USA_NehaSanjeeda ,Smartlead,PO_POSTEVENT_SHRM - orlando-USA_NehaSanjeeda - copy,88%
Post Event Outreach - B2B World Summit - 20 March 2026,UNMATCHED,—,0%
Post Event Outreach - Carrot & Stakes Dinner - CHROs - Jan 2026,UNMATCHED,—,0%
Post Event reachout - HR Transaform,UNMATCHED,—,0%
Pre event attendee outreach_W@W Total rewards,UNMATCHED,—,0%
Pre-Event Outreach – Transformational CHRO Denver,Smartlead,Pre-Event Outreach – Transformational CHRO Denver,95%
Ramadan 2026,UNMATCHED,—,0%
Reach out CAM accounts Global API - Kishan Raju,UNMATCHED,—,0%
Reachout HubSpot Agencies for partnershp,UNMATCHED,—,0%
Reachout MoEngage customers,UNMATCHED,—,0%
Reachout through Shafia's LI on Failed list of Salesforce Campaign,UNMATCHED,—,0%
Recent Funding,Smartlead,Recent Funding - Philippines,67%
Recent Funding,Smartlead,Recent Funding - Africa,67%
Recent Funding,Smartlead,Recent Funding - Indonesia,67%
Rekindle conversation with existing connections,UNMATCHED,—,0%
Reseller partnership in HR Advisory firms,HeyReach,Reseller Partnership - HR Advisory Firms,85%
Salesforce,UNMATCHED,—,0%
Salesforce AE campaign,UNMATCHED,—,0%
SAP SF REPS,UNMATCHED,—,0%
SAP SI ROW,UNMATCHED,—,0%
SMB - Seasonal - Sales Quarter End-SANJEEDA,HeyReach,SMB - Seasonal - Sales Quarter End- Automotive,71%
SMB - Seasonal - Sales Quarter End-SANJEEDA,HeyReach,SMB - Seasonal - Sales Quarter End-Manufacturing / Industrial ,63%
SMB - Seasonal - Sales Quarter End-SANJEEDA,HeyReach,SMB - Seasonal - Sales Quarter End-SaaS / Tech ,63%
SMB / Mid Market US Outreach,UNMATCHED,—,0%
SMB Hunting Dream/ CAM account 2026 - SANJEEDA,UNMATCHED,—,0%
Southeast Asia’s 100 Most Influential HR Icons of 2026,Smartlead,Southeast Asia’s 100 most influential HR Icons of 2026 - Indonesia,92%
Southeast Asia’s 100 Most Influential HR Icons of 2026,Smartlead,Southeast Asia’s 100 most influential HR Icons of 2026 -Philippines,92%
Task Based Rewards/Play to Earn,UNMATCHED,—,0%
Teir 1 - Empuls - Dream Account 2026  (Kimberly),UNMATCHED,—,0%
The Quirk Event:,UNMATCHED,—,0%
Tier 2 Empuls Dream Account (Kimberly),HeyReach,Kimberly - Tier 2 Empuls,60%
Total Rewards – San Antonio Outreach,UNMATCHED,—,0%
UKG Rep Outreach,UNMATCHED,—,0%
uKnowva Clients Outreach,UNMATCHED,—,0%
US CHRO Test,UNMATCHED,—,0%
Wealthtech,UNMATCHED,—,0%
